"4","0.26235294117647057","0.26235294117647057","0.26235294117647057","0.26235294117647057","0.26235294117647057","0.26235294117647057","0.26235294117647057","0.26235294117647057","0.26235294117647057","0.26235294117647057","0.6932941176470588","0.6932941176470588","0.6932941176470588","0.6932941176470588","0.6932941176470588","0.6932941176470588","0.6932941176470588","0.6932941176470588","0.6932941176470588","0.6932941176470588","0.7127058823529412","0.7127058823529412","0.7127058823529412","0.7127058823529412","0.7127058823529412","0.7127058823529412","0.7127058823529412","0.7127058823529412","0.7127058823529412","0.7127058823529412","0.9223529411764705","0.9223529411764705","0.9223529411764705","0.9223529411764705","0.9223529411764705","0.9223529411764705","0.9223529411764705","0.9223529411764705","0.9223529411764705","0.9223529411764705","0.9223529411764705","0.9223529411764705","0.9223529411764705","0.9223529411764705","0.9223529411764705","0.9223529411764705","0.9223529411764705","0.9223529411764705","0.9223529411764705","0.9223529411764705","0.01","0.01","0.01","0.01","1.01","0.01","0.01","0.01","0.01","0.01","0.01","1.01","0.01","0.01","0.01","0.01","0.01","0.01","1.01","0.01","0.01","0.01","0.01","0.01","0.01","1.01","0.01","0.01","0.01","0.01","0.01","0.01","1.01","0.01","0.01","0.01","0.01","0.01","0.01","1.01","0.01","0.01","0.01","0.01","0.01","0.01","1.01","0.01","0.01","0.01","0.01","0.01","0.01","1.01","0.01","0.01","0.01","0.01","0.01","0.01","1.01","0.01","0.01","0.01","0.01","0.01","0.01","1.01","0.01","0.01","0.01","0.01","0.01","0.01","1.01","0.01","0.01","0.01","0.01","0.01","0.01","1.01","0.01","0.01","0.01","0.01","0.01","0.01","1.01","0.01","0.01","0.01","0.01","0.01","0.01","1.01","0.01","0.01","0.01","0.01","0.01","0.01","1.01","0.01","0.01","0.01","0.01","0.01","0.01","1.01","0.01","0.01","0.01","0.01","0.01","0.01","1.01","0.01","0.01","0.01","0.01","0.01","0.01","1.01","0.01","0.01","0.01","0.01","0.01","0.01","1.01","0.01","0.01","0.01","0.01","0.01","0.01","1.01","0.01","0.01","0.01","0.01","0.01","0.01","1.01","0.01","0.01","0.01","0.01","0.01","0.01","1.01","0.01","0.01","0.01","0.01","0.01","0.01","1.01","0.01","0.01","0.01","0.01","0.01","0.01","1.01","0.01","0.01","0.01","0.01","0.01","0.01","1.01","0.01","0.01","0.01","0.01","0.01","0.01","1.01","0.01","0.01","0.01","0.01","0.01","0.01","1.01","0.01","0.01","0.01","0.01","0.01","0.01","1.01","0.01","0.01","0.01","0.01","0.01","0.01","1.01","0.01","0.01","0.01","0.01","0.01","0.01","1.01","0.01","0.01","0.175","0.13774193548387098","0.5695652173913043","0.14423728813559322","0.026779661016949154","0.505","0.175","0.13774193548387098","0.5695652173913043","0.14423728813559322","0.026779661016949154","0.505","0.175","0.13774193548387098","0.5695652173913043","0.14423728813559322","0.026779661016949154","0.505","0.175","0.13774193548387098","0.5695652173913043","0.14423728813559322","0.026779661016949154","0.505","0.175","0.13774193548387098","0.5695652173913043","0.14423728813559322","0.026779661016949154","0.505"
"2","0.5535294117647059","0.5535294117647059","0.5535294117647059","0.5535294117647059","0.5535294117647059","0.5535294117647059","0.5535294117647059","0.5535294117647059","0.5535294117647059","0.5535294117647059","0.01","0.01","0.01","0.01","0.01","0.01","0.01","0.01","0.01","0.01","0.05270588235294118","0.05270588235294118","0.05270588235294118","0.05270588235294118","0.05270588235294118","0.05270588235294118","0.05270588235294118","0.05270588235294118","0.05270588235294118","0.05270588235294118","0.5496470588235294","0.5496470588235294","0.5496470588235294","0.5496470588235294","0.5496470588235294","0.5496470588235294","0.5496470588235294","0.5496470588235294","0.5496470588235294","0.5496470588235294","0.5496470588235294","0.5496470588235294","0.5496470588235294","0.5496470588235294","0.5496470588235294","0.5496470588235294","0.5496470588235294","0.5496470588235294","0.5496470588235294","0.5496470588235294","0.01","1.01","0.01","0.01","0.01","0.01","0.01","0.01","1.01","0.01","0.01","0.01","0.01","0.01","0.01","1.01","0.01","0.01","0.01","0.01","0.01","0.01","1.01","0.01","0.01","0.01","0.01","0.01","0.01","1.01","0.01","0.01","0.01","0.01","0.01","0.01","1.01","0.01","0.01","0.01","0.01","0.01","0.01","1.01","0.01","0.01","0.01","0.01","0.01","0.01","1.01","0.01","0.01","0.01","0.01","0.01","0.01","1.01","0.01","0.01","0.01","0.01","0.01","0.01","1.01","0.01","0.01","0.01","0.01","0.01","0.01","1.01","0.01","0.01","0.01","0.01","0.01","0.01","1.01","0.01","0.01","0.01","0.01","0.01","0.01","1.01","0.01","0.01","0.01","0.01","0.01","0.01","1.01","0.01","0.01","0.01","0.01","0.01","0.01","1.01","0.01","0.01","0.01","0.01","0.01","0.01","1.01","0.01","0.01","0.01","0.01","0.01","0.01","1.01","0.01","0.01","0.01","0.01","0.01","0.01","1.01","0.01","0.01","0.01","0.01","0.01","0.01","1.01","0.01","0.01","0.01","0.01","0.01","0.01","1.01","0.01","0.01","0.01","0.01","0.01","0.01","1.01","0.01","0.01","0.01","0.01","0.01","0.01","1.01","0.01","0.01","0.01","0.01","0.01","0.01","1.01","0.01","0.01","0.01","0.01","0.01","0.01","1.01","0.01","0.01","0.01","0.01","0.01","0.01","1.01","0.01","0.01","0.01","0.01","0.01","0.01","1.01","0.01","0.01","0.01","0.01","0.01","0.01","1.01","0.01","0.01","0.01","0.01","0.01","0.01","1.01","0.01","0.01","0.01","0.01","0.01","0.01","1.01","0.01","0.01","0.01","0.01","0.01","0.01","1.01","0.01","0.01","0.01","0.01","0.01","0.175","0.13774193548387098","0.5695652173913043","0.14423728813559322","0.0771186440677966","0.505","0.175","0.13774193548387098","0.5695652173913043","0.14423728813559322","0.0771186440677966","0.505","0.175","0.13774193548387098","0.5695652173913043","0.14423728813559322","0.0771186440677966","0.505","0.175","0.13774193548387098","0.5695652173913043","0.14423728813559322","0.0771186440677966","0.505","0.175","0.13774193548387098","0.5695652173913043","0.14423728813559322","0.0771186440677966","0.505"
"4","0.6001176470588235","0.6001176470588235","0.6001176470588235","0.6001176470588235","0.6001176470588235","0.6001176470588235","0.6001176470588235","0.6001176470588235","0.6001176470588235","0.6001176470588235","0.21576470588235297","0.21576470588235297","0.21576470588235297","0.21576470588235297","0.21576470588235297","0.21576470588235297","0.21576470588235297","0.21576470588235297","0.21576470588235297","0.21576470588235297","0.8291764705882353","0.8291764705882353","0.8291764705882353","0.8291764705882353","0.8291764705882353","0.8291764705882353","0.8291764705882353","0.8291764705882353","0.8291764705882353","0.8291764705882353","0.06823529411764706","0.06823529411764706","0.06823529411764706","0.06823529411764706","0.06823529411764706","0.06823529411764706","0.06823529411764706","0.06823529411764706","0.06823529411764706","0.06823529411764706","0.06823529411764706","0.06823529411764706","0.06823529411764706","0.06823529411764706","0.06823529411764706","0.06823529411764706","0.06823529411764706","0.06823529411764706","0.06823529411764706","0.06823529411764706","0.01","1.01","0.01","0.01","0.01","0.01","0.01","0.01","1.01","0.01","0.01","0.01","0.01","0.01","0.01","1.01","0.01","0.01","0.01","0.01","0.01","0.01","1.01","0.01","0.01","0.01","0.01","0.01","0.01","1.01","0.01","0.01","0.01","0.01","0.01","0.01","1.01","0.01","0.01","0.01","0.01","0.01","0.01","1.01","0.01","0.01","0.01","0.01","0.01","0.01","1.01","0.01","0.01","0.01","0.01","0.01","0.01","1.01","0.01","0.01","0.01","0.01","0.01","0.01","1.01","0.01","0.01","0.01","0.01","0.01","0.01","1.01","0.01","0.01","0.01","0.01","0.01","0.01","1.01","0.01","0.01","0.01","0.01","0.01","0.01","1.01","0.01","0.01","0.01","0.01","0.01","0.01","1.01","0.01","0.01","0.01","0.01","0.01","0.01","1.01","0.01","0.01","0.01","0.01","0.01","0.01","1.01","0.01","0.01","0.01","0.01","0.01","0.01","1.01","0.01","0.01","0.01","0.01","0.01","0.01","1.01","0.01","0.01","0.01","0.01","0.01","0.01","1.01","0.01","0.01","0.01","0.01","0.01","0.01","1.01","0.01","0.01","0.01","0.01","0.01","0.01","1.01","0.01","0.01","0.01","0.01","0.01","0.01","1.01","0.01","0.01","0.01","0.01","0.01","0.01","1.01","0.01","0.01","0.01","0.01","0.01","0.01","1.01","0.01","0.01","0.01","0.01","0.01","0.01","1.01","0.01","0.01","0.01","0.01","0.01","0.01","1.01","0.01","0.01","0.01","0.01","0.01","0.01","1.01","0.01","0.01","0.01","0.01","0.01","0.01","1.01","0.01","0.01","0.01","0.01","0.01","0.01","1.01","0.01","0.01","0.01","0.01","0.01","0.01","1.01","0.01","0.01","0.01","0.01","0.01","0.175","0.13774193548387098","0.5695652173913043","0.14423728813559322","0.12745762711864408","0.505","0.175","0.13774193548387098","0.5695652173913043","0.14423728813559322","0.12745762711864408","0.505","0.175","0.13774193548387098","0.5695652173913043","0.14423728813559322","0.12745762711864408","0.505","0.175","0.13774193548387098","0.5695652173913043","0.14423728813559322","0.12745762711864408","0.505","0.175","0.13774193548387098","0.5695652173913043","0.14423728813559322","0.12745762711864408","0.505"
"7","0.060470588235294116","0.060470588235294116","0.060470588235294116","0.060470588235294116","0.060470588235294116","0.060470588235294116","0.060470588235294116","0.060470588235294116","0.060470588235294116","0.060470588235294116","0.9572941176470589","0.9572941176470589","0.9572941176470589","0.9572941176470589","0.9572941176470589","0.9572941176470589","0.9572941176470589","0.9572941176470589","0.9572941176470589","0.9572941176470589","0.01","0.01","0.01","0.01","0.01","0.01","0.01","0.01","0.01","0.01","0.09541176470588235","0.09541176470588235","0.09541176470588235","0.09541176470588235","0.09541176470588235","0.09541176470588235","0.09541176470588235","0.09541176470588235","0.09541176470588235","0.09541176470588235","0.09541176470588235","0.09541176470588235","0.09541176470588235","0.09541176470588235","0.09541176470588235","0.09541176470588235","0.09541176470588235","0.09541176470588235","0.09541176470588235","0.09541176470588235","0.01","0.01","1.01","0.01","0.01","0.01","0.01","0.01","0.01","1.01","0.01","0.01","0.01","0.01","0.01","0.01","1.01","0.01","0.01","0.01","0.01","0.01","0.01","1.01","0.01","0.01","0.01","0.01","0.01","0.01","1.01","0.01","0.01","0.01","0.01","0.01","0.01","1.01","0.01","0.01","0.01","0.01","0.01","0.01","1.01","0.01","0.01","0.01","0.01","0.01","0.01","1.01","0.01","0.01","0.01","0.01","0.01","0.01","1.01","0.01","0.01","0.01","0.01","0.01","0.01","1.01","0.01","0.01","0.01","0.01","0.01","0.01","1.01","0.01","0.01","0.01","0.01","0.01","0.01","1.01","0.01","0.01","0.01","0.01","0.01","0.01","1.01","0.01","0.01","0.01","0.01","0.01","0.01","1.01","0.01","0.01","0.01","0.01","0.01","0.01","1.01","0.01","0.01","0.01","0.01","0.01","0.01","1.01","0.01","0.01","0.01","0.01","0.01","0.01","1.01","0.01","0.01","0.01","0.01","0.01","0.01","1.01","0.01","0.01","0.01","0.01","0.01","0.01","1.01","0.01","0.01","0.01","0.01","0.01","0.01","1.01","0.01","0.01","0.01","0.01","0.01","0.01","1.01","0.01","0.01","0.01","0.01","0.01","0.01","1.01","0.01","0.01","0.01","0.01","0.01","0.01","1.01","0.01","0.01","0.01","0.01","0.01","0.01","1.01","0.01","0.01","0.01","0.01","0.01","0.01","1.01","0.01","0.01","0.01","0.01","0.01","0.01","1.01","0.01","0.01","0.01","0.01","0.01","0.01","1.01","0.01","0.01","0.01","0.01","0.01","0.01","1.01","0.01","0.01","0.01","0.01","0.01","0.01","1.01","0.01","0.01","0.01","0.01","0.01","0.01","1.01","0.01","0.01","0.01","0.01","0.175","0.13774193548387098","0.5695652173913043","0.14423728813559322","0.17779661016949153","0.505","0.175","0.13774193548387098","0.5695652173913043","0.14423728813559322","0.17779661016949153","0.505","0.175","0.13774193548387098","0.5695652173913043","0.14423728813559322","0.17779661016949153","0.505","0.175","0.13774193548387098","0.5695652173913043","0.14423728813559322","0.17779661016949153","0.505","0.175","0.13774193548387098","0.5695652173913043","0.14423728813559322","0.17779661016949153","0.505"
"0","0.9145882352941176","0.9145882352941176","0.9145882352941176","0.9145882352941176","0.9145882352941176","0.9145882352941176","0.9145882352941176","0.9145882352941176","0.9145882352941176","0.9145882352941176","0.9145882352941176","0.9145882352941176","0.9145882352941176","0.9145882352941176","0.9145882352941176","0.9145882352941176","0.9145882352941176","0.9145882352941176","0.9145882352941176","0.9145882352941176","0.0371764705882353","0.0371764705882353","0.0371764705882353","0.0371764705882353","0.0371764705882353","0.0371764705882353","0.0371764705882353","0.0371764705882353","0.0371764705882353","0.0371764705882353","0.8058823529411765","0.8058823529411765","0.8058823529411765","0.8058823529411765","0.8058823529411765","0.8058823529411765","0.8058823529411765","0.8058823529411765","0.8058823529411765","0.8058823529411765","0.8058823529411765","0.8058823529411765","0.8058823529411765","0.8058823529411765","0.8058823529411765","0.8058823529411765","0.8058823529411765","0.8058823529411765","0.8058823529411765","0.8058823529411765","0.01","0.01","1.01","0.01","0.01","0.01","0.01","0.01","0.01","1.01","0.01","0.01","0.01","0.01","0.01","0.01","1.01","0.01","0.01","0.01","0.01","0.01","0.01","1.01","0.01","0.01","0.01","0.01","0.01","0.01","1.01","0.01","0.01","0.01","0.01","0.01","0.01","1.01","0.01","0.01","0.01","0.01","0.01","0.01","1.01","0.01","0.01","0.01","0.01","0.01","0.01","1.01","0.01","0.01","0.01","0.01","0.01","0.01","1.01","0.01","0.01","0.01","0.01","0.01","0.01","1.01","0.01","0.01","0.01","0.01","0.01","0.01","1.01","0.01","0.01","0.01","0.01","0.01","0.01","1.01","0.01","0.01","0.01","0.01","0.01","0.01","1.01","0.01","0.01","0.01","0.01","0.01","0.01","1.01","0.01","0.01","0.01","0.01","0.01","0.01","1.01","0.01","0.01","0.01","0.01","0.01","0.01","1.01","0.01","0.01","0.01","0.01","0.01","0.01","1.01","0.01","0.01","0.01","0.01","0.01","0.01","1.01","0.01","0.01","0.01","0.01","0.01","0.01","1.01","0.01","0.01","0.01","0.01","0.01","0.01","1.01","0.01","0.01","0.01","0.01","0.01","0.01","1.01","0.01","0.01","0.01","0.01","0.01","0.01","1.01","0.01","0.01","0.01","0.01","0.01","0.01","1.01","0.01","0.01","0.01","0.01","0.01","0.01","1.01","0.01","0.01","0.01","0.01","0.01","0.01","1.01","0.01","0.01","0.01","0.01","0.01","0.01","1.01","0.01","0.01","0.01","0.01","0.01","0.01","1.01","0.01","0.01","0.01","0.01","0.01","0.01","1.01","0.01","0.01","0.01","0.01","0.01","0.01","1.01","0.01","0.01","0.01","0.01","0.01","0.01","1.01","0.01","0.01","0.01","0.01","0.175","0.13774193548387098","0.5695652173913043","0.14423728813559322","0.228135593220339","0.505","0.175","0.13774193548387098","0.5695652173913043","0.14423728813559322","0.228135593220339","0.505","0.175","0.13774193548387098","0.5695652173913043","0.14423728813559322","0.228135593220339","0.505","0.175","0.13774193548387098","0.5695652173913043","0.14423728813559322","0.228135593220339","0.505","0.175","0.13774193548387098","0.5695652173913043","0.14423728813559322","0.228135593220339","0.505"
"0","0.4681176470588236","0.4681176470588236","0.4681176470588236","0.4681176470588236","0.4681176470588236","0.4681176470588236","0.4681176470588236","0.4681176470588236","0.4681176470588236","0.4681176470588236","0.5962352941176471","0.5962352941176471","0.5962352941176471","0.5962352941176471","0.5962352941176471","0.5962352941176471","0.5962352941176471","0.5962352941176471","0.5962352941176471","0.5962352941176471","0.5962352941176471","0.5962352941176471","0.5962352941176471","0.5962352941176471","0.5962352941176471","0.5962352941176471","0.5962352941176471","0.5962352941176471","0.5962352941176471","0.5962352941176471","0.2235294117647059","0.2235294117647059","0.2235294117647059","0.2235294117647059","0.2235294117647059","0.2235294117647059","0.2235294117647059","0.2235294117647059","0.2235294117647059","0.2235294117647059","0.2235294117647059","0.2235294117647059","0.2235294117647059","0.2235294117647059","0.2235294117647059","0.2235294117647059","0.2235294117647059","0.2235294117647059","0.2235294117647059","0.2235294117647059","0.01","1.01","0.01","0.01","0.01","0.01","0.01","0.01","1.01","0.01","0.01","0.01","0.01","0.01","0.01","1.01","0.01","0.01","0.01","0.01","0.01","0.01","1.01","0.01","0.01","0.01","0.01","0.01","0.01","1.01","0.01","0.01","0.01","0.01","0.01","0.01","1.01","0.01","0.01","0.01","0.01","0.01","0.01","1.01","0.01","0.01","0.01","0.01","0.01","0.01","1.01","0.01","0.01","0.01","0.01","0.01","0.01","1.01","0.01","0.01","0.01","0.01","0.01","0.01","1.01","0.01","0.01","0.01","0.01","0.01","0.01","1.01","0.01","0.01","0.01","0.01","0.01","0.01","1.01","0.01","0.01","0.01","0.01","0.01","0.01","1.01","0.01","0.01","0.01","0.01","0.01","0.01","1.01","0.01","0.01","0.01","0.01","0.01","0.01","1.01","0.01","0.01","0.01","0.01","0.01","0.01","1.01","0.01","0.01","0.01","0.01","0.01","0.01","1.01","0.01","0.01","0.01","0.01","0.01","0.01","1.01","0.01","0.01","0.01","0.01","0.01","0.01","1.01","0.01","0.01","0.01","0.01","0.01","0.01","1.01","0.01","0.01","0.01","0.01","0.01","0.01","1.01","0.01","0.01","0.01","0.01","0.01","0.01","1.01","0.01","0.01","0.01","0.01","0.01","0.01","1.01","0.01","0.01","0.01","0.01","0.01","0.01","1.01","0.01","0.01","0.01","0.01","0.01","0.01","1.01","0.01","0.01","0.01","0.01","0.01","0.01","1.01","0.01","0.01","0.01","0.01","0.01","0.01","1.01","0.01","0.01","0.01","0.01","0.01","0.01","1.01","0.01","0.01","0.01","0.01","0.01","0.01","1.01","0.01","0.01","0.01","0.01","0.01","0.01","1.01","0.01","0.01","0.01","0.01","0.01","0.175","0.13774193548387098","0.5695652173913043","0.14423728813559322","0.27847457627118644","0.505","0.175","0.13774193548387098","0.5695652173913043","0.14423728813559322","0.27847457627118644","0.505","0.175","0.13774193548387098","0.5695652173913043","0.14423728813559322","0.27847457627118644","0.505","0.175","0.13774193548387098","0.5695652173913043","0.14423728813559322","0.27847457627118644","0.505","0.175","0.13774193548387098","0.5695652173913043","0.14423728813559322","0.27847457627118644","0.505"
"0","0.45647058823529413","0.45647058823529413","0.45647058823529413","0.45647058823529413","0.45647058823529413","0.45647058823529413","0.45647058823529413","0.45647058823529413","0.45647058823529413","0.45647058823529413","0.4331764705882353","0.4331764705882353","0.4331764705882353","0.4331764705882353","0.4331764705882353","0.4331764705882353","0.4331764705882353","0.4331764705882353","0.4331764705882353","0.4331764705882353","0.18082352941176472","0.18082352941176472","0.18082352941176472","0.18082352941176472","0.18082352941176472","0.18082352941176472","0.18082352941176472","0.18082352941176472","0.18082352941176472","0.18082352941176472","0.1303529411764706","0.1303529411764706","0.1303529411764706","0.1303529411764706","0.1303529411764706","0.1303529411764706","0.1303529411764706","0.1303529411764706","0.1303529411764706","0.1303529411764706","0.1303529411764706","0.1303529411764706","0.1303529411764706","0.1303529411764706","0.1303529411764706","0.1303529411764706","0.1303529411764706","0.1303529411764706","0.1303529411764706","0.1303529411764706","0.01","1.01","0.01","0.01","0.01","0.01","0.01","0.01","1.01","0.01","0.01","0.01","0.01","0.01","0.01","1.01","0.01","0.01","0.01","0.01","0.01","0.01","1.01","0.01","0.01","0.01","0.01","0.01","0.01","1.01","0.01","0.01","0.01","0.01","0.01","0.01","1.01","0.01","0.01","0.01","0.01","0.01","0.01","1.01","0.01","0.01","0.01","0.01","0.01","0.01","1.01","0.01","0.01","0.01","0.01","0.01","0.01","1.01","0.01","0.01","0.01","0.01","0.01","0.01","1.01","0.01","0.01","0.01","0.01","0.01","0.01","1.01","0.01","0.01","0.01","0.01","0.01","0.01","1.01","0.01","0.01","0.01","0.01","0.01","0.01","1.01","0.01","0.01","0.01","0.01","0.01","0.01","1.01","0.01","0.01","0.01","0.01","0.01","0.01","1.01","0.01","0.01","0.01","0.01","0.01","0.01","1.01","0.01","0.01","0.01","0.01","0.01","0.01","1.01","0.01","0.01","0.01","0.01","0.01","0.01","1.01","0.01","0.01","0.01","0.01","0.01","0.01","1.01","0.01","0.01","0.01","0.01","0.01","0.01","1.01","0.01","0.01","0.01","0.01","0.01","0.01","1.01","0.01","0.01","0.01","0.01","0.01","0.01","1.01","0.01","0.01","0.01","0.01","0.01","0.01","1.01","0.01","0.01","0.01","0.01","0.01","0.01","1.01","0.01","0.01","0.01","0.01","0.01","0.01","1.01","0.01","0.01","0.01","0.01","0.01","0.01","1.01","0.01","0.01","0.01","0.01","0.01","0.01","1.01","0.01","0.01","0.01","0.01","0.01","0.01","1.01","0.01","0.01","0.01","0.01","0.01","0.01","1.01","0.01","0.01","0.01","0.01","0.01","0.01","1.01","0.01","0.01","0.01","0.01","0.01","0.175","0.13774193548387098","0.5695652173913043","0.14423728813559322","0.31203389830508477","0.505","0.175","0.13774193548387098","0.5695652173913043","0.14423728813559322","0.31203389830508477","0.505","0.175","0.13774193548387098","0.5695652173913043","0.14423728813559322","0.31203389830508477","0.505","0.175","0.13774193548387098","0.5695652173913043","0.14423728813559322","0.31203389830508477","0.505","0.175","0.13774193548387098","0.5695652173913043","0.14423728813559322","0.31203389830508477","0.505"
"0","0.6389411764705882","0.6389411764705882","0.6389411764705882","0.6389411764705882","0.6389411764705882","0.6389411764705882","0.6389411764705882","0.6389411764705882","0.6389411764705882","0.6389411764705882","0.5884705882352942","0.5884705882352942","0.5884705882352942","0.5884705882352942","0.5884705882352942","0.5884705882352942","0.5884705882352942","0.5884705882352942","0.5884705882352942","0.5884705882352942","0.25070588235294117","0.25070588235294117","0.25070588235294117","0.25070588235294117","0.25070588235294117","0.25070588235294117","0.25070588235294117","0.25070588235294117","0.25070588235294117","0.25070588235294117","0.5069411764705882","0.5069411764705882","0.5069411764705882","0.5069411764705882","0.5069411764705882","0.5069411764705882","0.5069411764705882","0.5069411764705882","0.5069411764705882","0.5069411764705882","0.5069411764705882","0.5069411764705882","0.5069411764705882","0.5069411764705882","0.5069411764705882","0.5069411764705882","0.5069411764705882","0.5069411764705882","0.5069411764705882","0.5069411764705882","0.01","1.01","0.01","0.01","0.01","0.01","0.01","0.01","1.01","0.01","0.01","0.01","0.01","0.01","0.01","1.01","0.01","0.01","0.01","0.01","0.01","0.01","1.01","0.01","0.01","0.01","0.01","0.01","0.01","1.01","0.01","0.01","0.01","0.01","0.01","0.01","1.01","0.01","0.01","0.01","0.01","0.01","0.01","1.01","0.01","0.01","0.01","0.01","0.01","0.01","1.01","0.01","0.01","0.01","0.01","0.01","0.01","1.01","0.01","0.01","0.01","0.01","0.01","0.01","1.01","0.01","0.01","0.01","0.01","0.01","0.01","1.01","0.01","0.01","0.01","0.01","0.01","0.01","1.01","0.01","0.01","0.01","0.01","0.01","0.01","1.01","0.01","0.01","0.01","0.01","0.01","0.01","1.01","0.01","0.01","0.01","0.01","0.01","0.01","1.01","0.01","0.01","0.01","0.01","0.01","0.01","1.01","0.01","0.01","0.01","0.01","0.01","0.01","1.01","0.01","0.01","0.01","0.01","0.01","0.01","1.01","0.01","0.01","0.01","0.01","0.01","0.01","1.01","0.01","0.01","0.01","0.01","0.01","0.01","1.01","0.01","0.01","0.01","0.01","0.01","0.01","1.01","0.01","0.01","0.01","0.01","0.01","0.01","1.01","0.01","0.01","0.01","0.01","0.01","0.01","1.01","0.01","0.01","0.01","0.01","0.01","0.01","1.01","0.01","0.01","0.01","0.01","0.01","0.01","1.01","0.01","0.01","0.01","0.01","0.01","0.01","1.01","0.01","0.01","0.01","0.01","0.01","0.01","1.01","0.01","0.01","0.01","0.01","0.01","0.01","1.01","0.01","0.01","0.01","0.01","0.01","0.01","1.01","0.01","0.01","0.01","0.01","0.01","0.01","1.01","0.01","0.01","0.01","0.01","0.01","0.175","0.13774193548387098","0.5695652173913043","0.14423728813559322","0.3623728813559322","0.505","0.175","0.13774193548387098","0.5695652173913043","0.14423728813559322","0.3623728813559322","0.505","0.175","0.13774193548387098","0.5695652173913043","0.14423728813559322","0.3623728813559322","0.505","0.175","0.13774193548387098","0.5695652173913043","0.14423728813559322","0.3623728813559322","0.505","0.175","0.13774193548387098","0.5695652173913043","0.14423728813559322","0.3623728813559322","0.505"
"4","0.18082352941176472","0.18082352941176472","0.18082352941176472","0.18082352941176472","0.18082352941176472","0.18082352941176472","0.18082352941176472","0.18082352941176472","0.18082352941176472","0.18082352941176472","0.47200000000000003","0.47200000000000003","0.47200000000000003","0.47200000000000003","0.47200000000000003","0.47200000000000003","0.47200000000000003","0.47200000000000003","0.47200000000000003","0.47200000000000003","0.6156470588235294","0.6156470588235294","0.6156470588235294","0.6156470588235294","0.6156470588235294","0.6156470588235294","0.6156470588235294","0.6156470588235294","0.6156470588235294","0.6156470588235294","0.44482352941176473","0.44482352941176473","0.44482352941176473","0.44482352941176473","0.44482352941176473","0.44482352941176473","0.44482352941176473","0.44482352941176473","0.44482352941176473","0.44482352941176473","0.44482352941176473","0.44482352941176473","0.44482352941176473","0.44482352941176473","0.44482352941176473","0.44482352941176473","0.44482352941176473","0.44482352941176473","0.44482352941176473","0.44482352941176473","0.01","0.01","0.01","1.01","0.01","0.01","0.01","0.01","0.01","0.01","1.01","0.01","0.01","0.01","0.01","0.01","0.01","1.01","0.01","0.01","0.01","0.01","0.01","0.01","1.01","0.01","0.01","0.01","0.01","0.01","0.01","1.01","0.01","0.01","0.01","0.01","0.01","0.01","1.01","0.01","0.01","0.01","0.01","0.01","0.01","1.01","0.01","0.01","0.01","0.01","0.01","0.01","1.01","0.01","0.01","0.01","0.01","0.01","0.01","1.01","0.01","0.01","0.01","0.01","0.01","0.01","1.01","0.01","0.01","0.01","0.01","0.01","0.01","1.01","0.01","0.01","0.01","0.01","0.01","0.01","1.01","0.01","0.01","0.01","0.01","0.01","0.01","1.01","0.01","0.01","0.01","0.01","0.01","0.01","1.01","0.01","0.01","0.01","0.01","0.01","0.01","1.01","0.01","0.01","0.01","0.01","0.01","0.01","1.01","0.01","0.01","0.01","0.01","0.01","0.01","1.01","0.01","0.01","0.01","0.01","0.01","0.01","1.01","0.01","0.01","0.01","0.01","0.01","0.01","1.01","0.01","0.01","0.01","0.01","0.01","0.01","1.01","0.01","0.01","0.01","0.01","0.01","0.01","1.01","0.01","0.01","0.01","0.01","0.01","0.01","1.01","0.01","0.01","0.01","0.01","0.01","0.01","1.01","0.01","0.01","0.01","0.01","0.01","0.01","1.01","0.01","0.01","0.01","0.01","0.01","0.01","1.01","0.01","0.01","0.01","0.01","0.01","0.01","1.01","0.01","0.01","0.01","0.01","0.01","0.01","1.01","0.01","0.01","0.01","0.01","0.01","0.01","1.01","0.01","0.01","0.01","0.01","0.01","0.01","1.01","0.01","0.01","0.01","0.01","0.01","0.01","1.01","0.01","0.01","0.01","0.175","0.13774193548387098","0.5695652173913043","0.14423728813559322","0.4294915254237288","0.505","0.175","0.13774193548387098","0.5695652173913043","0.14423728813559322","0.4294915254237288","0.505","0.175","0.13774193548387098","0.5695652173913043","0.14423728813559322","0.4294915254237288","0.505","0.175","0.13774193548387098","0.5695652173913043","0.14423728813559322","0.4294915254237288","0.505","0.175","0.13774193548387098","0.5695652173913043","0.14423728813559322","0.4294915254237288","0.505"
"4","0.04882352941176471","0.04882352941176471","0.04882352941176471","0.04882352941176471","0.04882352941176471","0.04882352941176471","0.04882352941176471","0.04882352941176471","0.04882352941176471","0.04882352941176471","0.6156470588235294","0.6156470588235294","0.6156470588235294","0.6156470588235294","0.6156470588235294","0.6156470588235294","0.6156470588235294","0.6156470588235294","0.6156470588235294","0.6156470588235294","0.8524705882352941","0.8524705882352941","0.8524705882352941","0.8524705882352941","0.8524705882352941","0.8524705882352941","0.8524705882352941","0.8524705882352941","0.8524705882352941","0.8524705882352941","0.17694117647058824","0.17694117647058824","0.17694117647058824","0.17694117647058824","0.17694117647058824","0.17694117647058824","0.17694117647058824","0.17694117647058824","0.17694117647058824","0.17694117647058824","0.17694117647058824","0.17694117647058824","0.17694117647058824","0.17694117647058824","0.17694117647058824","0.17694117647058824","0.17694117647058824","0.17694117647058824","0.17694117647058824","0.17694117647058824","1.01","0.01","0.01","0.01","0.01","0.01","0.01","1.01","0.01","0.01","0.01","0.01","0.01","0.01","1.01","0.01","0.01","0.01","0.01","0.01","0.01","1.01","0.01","0.01","0.01","0.01","0.01","0.01","1.01","0.01","0.01","0.01","0.01","0.01","0.01","1.01","0.01","0.01","0.01","0.01","0.01","0.01","1.01","0.01","0.01","0.01","0.01","0.01","0.01","1.01","0.01","0.01","0.01","0.01","0.01","0.01","1.01","0.01","0.01","0.01","0.01","0.01","0.01","1.01","0.01","0.01","0.01","0.01","0.01","0.01","1.01","0.01","0.01","0.01","0.01","0.01","0.01","1.01","0.01","0.01","0.01","0.01","0.01","0.01","1.01","0.01","0.01","0.01","0.01","0.01","0.01","1.01","0.01","0.01","0.01","0.01","0.01","0.01","1.01","0.01","0.01","0.01","0.01","0.01","0.01","1.01","0.01","0.01","0.01","0.01","0.01","0.01","1.01","0.01","0.01","0.01","0.01","0.01","0.01","1.01","0.01","0.01","0.01","0.01","0.01","0.01","1.01","0.01","0.01","0.01","0.01","0.01","0.01","1.01","0.01","0.01","0.01","0.01","0.01","0.01","1.01","0.01","0.01","0.01","0.01","0.01","0.01","1.01","0.01","0.01","0.01","0.01","0.01","0.01","1.01","0.01","0.01","0.01","0.01","0.01","0.01","1.01","0.01","0.01","0.01","0.01","0.01","0.01","1.01","0.01","0.01","0.01","0.01","0.01","0.01","1.01","0.01","0.01","0.01","0.01","0.01","0.01","1.01","0.01","0.01","0.01","0.01","0.01","0.01","1.01","0.01","0.01","0.01","0.01","0.01","0.01","1.01","0.01","0.01","0.01","0.01","0.01","0.01","1.01","0.01","0.01","0.01","0.01","0.01","0.01","0.175","0.13774193548387098","0.5695652173913043","0.14423728813559322","0.46305084745762715","0.505","0.175","0.13774193548387098","0.5695652173913043","0.14423728813559322","0.46305084745762715","0.505","0.175","0.13774193548387098","0.5695652173913043","0.14423728813559322","0.46305084745762715","0.505","0.175","0.13774193548387098","0.5695652173913043","0.14423728813559322","0.46305084745762715","0.505","0.175","0.13774193548387098","0.5695652173913043","0.14423728813559322","0.46305084745762715","0.505"
"4","0.19247058823529414","0.19247058823529414","0.19247058823529414","0.19247058823529414","0.19247058823529414","0.19247058823529414","0.19247058823529414","0.19247058823529414","0.19247058823529414","0.19247058823529414","0.662235294117647","0.662235294117647","0.662235294117647","0.662235294117647","0.662235294117647","0.662235294117647","0.662235294117647","0.662235294117647","0.662235294117647","0.662235294117647","0.24294117647058824","0.24294117647058824","0.24294117647058824","0.24294117647058824","0.24294117647058824","0.24294117647058824","0.24294117647058824","0.24294117647058824","0.24294117647058824","0.24294117647058824","0.076","0.076","0.076","0.076","0.076","0.076","0.076","0.076","0.076","0.076","0.076","0.076","0.076","0.076","0.076","0.076","0.076","0.076","0.076","0.076","0.01","0.01","1.01","0.01","0.01","0.01","0.01","0.01","0.01","1.01","0.01","0.01","0.01","0.01","0.01","0.01","1.01","0.01","0.01","0.01","0.01","0.01","0.01","1.01","0.01","0.01","0.01","0.01","0.01","0.01","1.01","0.01","0.01","0.01","0.01","0.01","0.01","1.01","0.01","0.01","0.01","0.01","0.01","0.01","1.01","0.01","0.01","0.01","0.01","0.01","0.01","1.01","0.01","0.01","0.01","0.01","0.01","0.01","1.01","0.01","0.01","0.01","0.01","0.01","0.01","1.01","0.01","0.01","0.01","0.01","0.01","0.01","1.01","0.01","0.01","0.01","0.01","0.01","0.01","1.01","0.01","0.01","0.01","0.01","0.01","0.01","1.01","0.01","0.01","0.01","0.01","0.01","0.01","1.01","0.01","0.01","0.01","0.01","0.01","0.01","1.01","0.01","0.01","0.01","0.01","0.01","0.01","1.01","0.01","0.01","0.01","0.01","0.01","0.01","1.01","0.01","0.01","0.01","0.01","0.01","0.01","1.01","0.01","0.01","0.01","0.01","0.01","0.01","1.01","0.01","0.01","0.01","0.01","0.01","0.01","1.01","0.01","0.01","0.01","0.01","0.01","0.01","1.01","0.01","0.01","0.01","0.01","0.01","0.01","1.01","0.01","0.01","0.01","0.01","0.01","0.01","1.01","0.01","0.01","0.01","0.01","0.01","0.01","1.01","0.01","0.01","0.01","0.01","0.01","0.01","1.01","0.01","0.01","0.01","0.01","0.01","0.01","1.01","0.01","0.01","0.01","0.01","0.01","0.01","1.01","0.01","0.01","0.01","0.01","0.01","0.01","1.01","0.01","0.01","0.01","0.01","0.01","0.01","1.01","0.01","0.01","0.01","0.01","0.01","0.01","1.01","0.01","0.01","0.01","0.01","0.175","0.13774193548387098","0.5695652173913043","0.14423728813559322","0.5133898305084745","0.505","0.175","0.13774193548387098","0.5695652173913043","0.14423728813559322","0.5133898305084745","0.505","0.175","0.13774193548387098","0.5695652173913043","0.14423728813559322","0.5133898305084745","0.505","0.175","0.13774193548387098","0.5695652173913043","0.14423728813559322","0.5133898305084745","0.505","0.175","0.13774193548387098","0.5695652173913043","0.14423728813559322","0.5133898305084745","0.505"
"0","0.9495294117647058","0.9495294117647058","0.9495294117647058","0.9495294117647058","0.9495294117647058","0.9495294117647058","0.9495294117647058","0.9495294117647058","0.9495294117647058","0.9495294117647058","0.18082352941176472","0.18082352941176472","0.18082352941176472","0.18082352941176472","0.18082352941176472","0.18082352941176472","0.18082352941176472","0.18082352941176472","0.18082352941176472","0.18082352941176472","0.20411764705882354","0.20411764705882354","0.20411764705882354","0.20411764705882354","0.20411764705882354","0.20411764705882354","0.20411764705882354","0.20411764705882354","0.20411764705882354","0.20411764705882354","0.39435294117647063","0.39435294117647063","0.39435294117647063","0.39435294117647063","0.39435294117647063","0.39435294117647063","0.39435294117647063","0.39435294117647063","0.39435294117647063","0.39435294117647063","0.39435294117647063","0.39435294117647063","0.39435294117647063","0.39435294117647063","0.39435294117647063","0.39435294117647063","0.39435294117647063","0.39435294117647063","0.39435294117647063","0.39435294117647063","0.01","0.01","0.01","0.01","1.01","0.01","0.01","0.01","0.01","0.01","0.01","1.01","0.01","0.01","0.01","0.01","0.01","0.01","1.01","0.01","0.01","0.01","0.01","0.01","0.01","1.01","0.01","0.01","0.01","0.01","0.01","0.01","1.01","0.01","0.01","0.01","0.01","0.01","0.01","1.01","0.01","0.01","0.01","0.01","0.01","0.01","1.01","0.01","0.01","0.01","0.01","0.01","0.01","1.01","0.01","0.01","0.01","0.01","0.01","0.01","1.01","0.01","0.01","0.01","0.01","0.01","0.01","1.01","0.01","0.01","0.01","0.01","0.01","0.01","1.01","0.01","0.01","0.01","0.01","0.01","0.01","1.01","0.01","0.01","0.01","0.01","0.01","0.01","1.01","0.01","0.01","0.01","0.01","0.01","0.01","1.01","0.01","0.01","0.01","0.01","0.01","0.01","1.01","0.01","0.01","0.01","0.01","0.01","0.01","1.01","0.01","0.01","0.01","0.01","0.01","0.01","1.01","0.01","0.01","0.01","0.01","0.01","0.01","1.01","0.01","0.01","0.01","0.01","0.01","0.01","1.01","0.01","0.01","0.01","0.01","0.01","0.01","1.01","0.01","0.01","0.01","0.01","0.01","0.01","1.01","0.01","0.01","0.01","0.01","0.01","0.01","1.01","0.01","0.01","0.01","0.01","0.01","0.01","1.01","0.01","0.01","0.01","0.01","0.01","0.01","1.01","0.01","0.01","0.01","0.01","0.01","0.01","1.01","0.01","0.01","0.01","0.01","0.01","0.01","1.01","0.01","0.01","0.01","0.01","0.01","0.01","1.01","0.01","0.01","0.01","0.01","0.01","0.01","1.01","0.01","0.01","0.01","0.01","0.01","0.01","1.01","0.01","0.01","0.01","0.01","0.01","0.01","1.01","0.01","0.01","0.175","0.13774193548387098","0.5695652173913043","0.14423728813559322","0.6476271186440677","0.505","0.175","0.13774193548387098","0.5695652173913043","0.14423728813559322","0.6476271186440677","0.505","0.175","0.13774193548387098","0.5695652173913043","0.14423728813559322","0.6476271186440677","0.505","0.175","0.13774193548387098","0.5695652173913043","0.14423728813559322","0.6476271186440677","0.505","0.175","0.13774193548387098","0.5695652173913043","0.14423728813559322","0.6476271186440677","0.505"
"4","0.2934117647058823","0.2934117647058823","0.2934117647058823","0.2934117647058823","0.2934117647058823","0.2934117647058823","0.2934117647058823","0.2934117647058823","0.2934117647058823","0.2934117647058823","0.9262352941176472","0.9262352941176472","0.9262352941176472","0.9262352941176472","0.9262352941176472","0.9262352941176472","0.9262352941176472","0.9262352941176472","0.9262352941176472","0.9262352941176472","0.6855294117647059","0.6855294117647059","0.6855294117647059","0.6855294117647059","0.6855294117647059","0.6855294117647059","0.6855294117647059","0.6855294117647059","0.6855294117647059","0.6855294117647059","0.16917647058823532","0.16917647058823532","0.16917647058823532","0.16917647058823532","0.16917647058823532","0.16917647058823532","0.16917647058823532","0.16917647058823532","0.16917647058823532","0.16917647058823532","0.16917647058823532","0.16917647058823532","0.16917647058823532","0.16917647058823532","0.16917647058823532","0.16917647058823532","0.16917647058823532","0.16917647058823532","0.16917647058823532","0.16917647058823532","0.01","0.01","0.01","1.01","0.01","0.01","0.01","0.01","0.01","0.01","1.01","0.01","0.01","0.01","0.01","0.01","0.01","1.01","0.01","0.01","0.01","0.01","0.01","0.01","1.01","0.01","0.01","0.01","0.01","0.01","0.01","1.01","0.01","0.01","0.01","0.01","0.01","0.01","1.01","0.01","0.01","0.01","0.01","0.01","0.01","1.01","0.01","0.01","0.01","0.01","0.01","0.01","1.01","0.01","0.01","0.01","0.01","0.01","0.01","1.01","0.01","0.01","0.01","0.01","0.01","0.01","1.01","0.01","0.01","0.01","0.01","0.01","0.01","1.01","0.01","0.01","0.01","0.01","0.01","0.01","1.01","0.01","0.01","0.01","0.01","0.01","0.01","1.01","0.01","0.01","0.01","0.01","0.01","0.01","1.01","0.01","0.01","0.01","0.01","0.01","0.01","1.01","0.01","0.01","0.01","0.01","0.01","0.01","1.01","0.01","0.01","0.01","0.01","0.01","0.01","1.01","0.01","0.01","0.01","0.01","0.01","0.01","1.01","0.01","0.01","0.01","0.01","0.01","0.01","1.01","0.01","0.01","0.01","0.01","0.01","0.01","1.01","0.01","0.01","0.01","0.01","0.01","0.01","1.01","0.01","0.01","0.01","0.01","0.01","0.01","1.01","0.01","0.01","0.01","0.01","0.01","0.01","1.01","0.01","0.01","0.01","0.01","0.01","0.01","1.01","0.01","0.01","0.01","0.01","0.01","0.01","1.01","0.01","0.01","0.01","0.01","0.01","0.01","1.01","0.01","0.01","0.01","0.01","0.01","0.01","1.01","0.01","0.01","0.01","0.01","0.01","0.01","1.01","0.01","0.01","0.01","0.01","0.01","0.01","1.01","0.01","0.01","0.01","0.01","0.01","0.01","1.01","0.01","0.01","0.01","0.175","0.13774193548387098","0.5695652173913043","0.14423728813559322","0.6979661016949152","0.505","0.175","0.13774193548387098","0.5695652173913043","0.14423728813559322","0.6979661016949152","0.505","0.175","0.13774193548387098","0.5695652173913043","0.14423728813559322","0.6979661016949152","0.505","0.175","0.13774193548387098","0.5695652173913043","0.14423728813559322","0.6979661016949152","0.505","0.175","0.13774193548387098","0.5695652173913043","0.14423728813559322","0.6979661016949152","0.505"
"4","0.347764705882353","0.347764705882353","0.347764705882353","0.347764705882353","0.347764705882353","0.347764705882353","0.347764705882353","0.347764705882353","0.347764705882353","0.347764705882353","0.23129411764705884","0.23129411764705884","0.23129411764705884","0.23129411764705884","0.23129411764705884","0.23129411764705884","0.23129411764705884","0.23129411764705884","0.23129411764705884","0.23129411764705884","0.26623529411764707","0.26623529411764707","0.26623529411764707","0.26623529411764707","0.26623529411764707","0.26623529411764707","0.26623529411764707","0.26623529411764707","0.26623529411764707","0.26623529411764707","0.8136470588235294","0.8136470588235294","0.8136470588235294","0.8136470588235294","0.8136470588235294","0.8136470588235294","0.8136470588235294","0.8136470588235294","0.8136470588235294","0.8136470588235294","0.8136470588235294","0.8136470588235294","0.8136470588235294","0.8136470588235294","0.8136470588235294","0.8136470588235294","0.8136470588235294","0.8136470588235294","0.8136470588235294","0.8136470588235294","0.01","0.01","0.01","1.01","0.01","0.01","0.01","0.01","0.01","0.01","1.01","0.01","0.01","0.01","0.01","0.01","0.01","1.01","0.01","0.01","0.01","0.01","0.01","0.01","1.01","0.01","0.01","0.01","0.01","0.01","0.01","1.01","0.01","0.01","0.01","0.01","0.01","0.01","1.01","0.01","0.01","0.01","0.01","0.01","0.01","1.01","0.01","0.01","0.01","0.01","0.01","0.01","1.01","0.01","0.01","0.01","0.01","0.01","0.01","1.01","0.01","0.01","0.01","0.01","0.01","0.01","1.01","0.01","0.01","0.01","0.01","0.01","0.01","1.01","0.01","0.01","0.01","0.01","0.01","0.01","1.01","0.01","0.01","0.01","0.01","0.01","0.01","1.01","0.01","0.01","0.01","0.01","0.01","0.01","1.01","0.01","0.01","0.01","0.01","0.01","0.01","1.01","0.01","0.01","0.01","0.01","0.01","0.01","1.01","0.01","0.01","0.01","0.01","0.01","0.01","1.01","0.01","0.01","0.01","0.01","0.01","0.01","1.01","0.01","0.01","0.01","0.01","0.01","0.01","1.01","0.01","0.01","0.01","0.01","0.01","0.01","1.01","0.01","0.01","0.01","0.01","0.01","0.01","1.01","0.01","0.01","0.01","0.01","0.01","0.01","1.01","0.01","0.01","0.01","0.01","0.01","0.01","1.01","0.01","0.01","0.01","0.01","0.01","0.01","1.01","0.01","0.01","0.01","0.01","0.01","0.01","1.01","0.01","0.01","0.01","0.01","0.01","0.01","1.01","0.01","0.01","0.01","0.01","0.01","0.01","1.01","0.01","0.01","0.01","0.01","0.01","0.01","1.01","0.01","0.01","0.01","0.01","0.01","0.01","1.01","0.01","0.01","0.01","0.01","0.01","0.01","1.01","0.01","0.01","0.01","0.175","0.13774193548387098","0.5695652173913043","0.14423728813559322","0.7483050847457627","0.505","0.175","0.13774193548387098","0.5695652173913043","0.14423728813559322","0.7483050847457627","0.505","0.175","0.13774193548387098","0.5695652173913043","0.14423728813559322","0.7483050847457627","0.505","0.175","0.13774193548387098","0.5695652173913043","0.14423728813559322","0.7483050847457627","0.505","0.175","0.13774193548387098","0.5695652173913043","0.14423728813559322","0.7483050847457627","0.505"
"4","0.736","0.736","0.736","0.736","0.736","0.736","0.736","0.736","0.736","0.736","0.2972941176470589","0.2972941176470589","0.2972941176470589","0.2972941176470589","0.2972941176470589","0.2972941176470589","0.2972941176470589","0.2972941176470589","0.2972941176470589","0.2972941176470589","0.7592941176470588","0.7592941176470588","0.7592941176470588","0.7592941176470588","0.7592941176470588","0.7592941176470588","0.7592941176470588","0.7592941176470588","0.7592941176470588","0.7592941176470588","0.3089411764705882","0.3089411764705882","0.3089411764705882","0.3089411764705882","0.3089411764705882","0.3089411764705882","0.3089411764705882","0.3089411764705882","0.3089411764705882","0.3089411764705882","0.3089411764705882","0.3089411764705882","0.3089411764705882","0.3089411764705882","0.3089411764705882","0.3089411764705882","0.3089411764705882","0.3089411764705882","0.3089411764705882","0.3089411764705882","0.01","0.01","0.01","1.01","0.01","0.01","0.01","0.01","0.01","0.01","1.01","0.01","0.01","0.01","0.01","0.01","0.01","1.01","0.01","0.01","0.01","0.01","0.01","0.01","1.01","0.01","0.01","0.01","0.01","0.01","0.01","1.01","0.01","0.01","0.01","0.01","0.01","0.01","1.01","0.01","0.01","0.01","0.01","0.01","0.01","1.01","0.01","0.01","0.01","0.01","0.01","0.01","1.01","0.01","0.01","0.01","0.01","0.01","0.01","1.01","0.01","0.01","0.01","0.01","0.01","0.01","1.01","0.01","0.01","0.01","0.01","0.01","0.01","1.01","0.01","0.01","0.01","0.01","0.01","0.01","1.01","0.01","0.01","0.01","0.01","0.01","0.01","1.01","0.01","0.01","0.01","0.01","0.01","0.01","1.01","0.01","0.01","0.01","0.01","0.01","0.01","1.01","0.01","0.01","0.01","0.01","0.01","0.01","1.01","0.01","0.01","0.01","0.01","0.01","0.01","1.01","0.01","0.01","0.01","0.01","0.01","0.01","1.01","0.01","0.01","0.01","0.01","0.01","0.01","1.01","0.01","0.01","0.01","0.01","0.01","0.01","1.01","0.01","0.01","0.01","0.01","0.01","0.01","1.01","0.01","0.01","0.01","0.01","0.01","0.01","1.01","0.01","0.01","0.01","0.01","0.01","0.01","1.01","0.01","0.01","0.01","0.01","0.01","0.01","1.01","0.01","0.01","0.01","0.01","0.01","0.01","1.01","0.01","0.01","0.01","0.01","0.01","0.01","1.01","0.01","0.01","0.01","0.01","0.01","0.01","1.01","0.01","0.01","0.01","0.01","0.01","0.01","1.01","0.01","0.01","0.01","0.01","0.01","0.01","1.01","0.01","0.01","0.01","0.01","0.01","0.01","1.01","0.01","0.01","0.01","0.175","0.13774193548387098","0.5695652173913043","0.14423728813559322","0.7818644067796611","0.505","0.175","0.13774193548387098","0.5695652173913043","0.14423728813559322","0.7818644067796611","0.505","0.175","0.13774193548387098","0.5695652173913043","0.14423728813559322","0.7818644067796611","0.505","0.175","0.13774193548387098","0.5695652173913043","0.14423728813559322","0.7818644067796611","0.505","0.175","0.13774193548387098","0.5695652173913043","0.14423728813559322","0.7818644067796611","0.505"
"0","0.4875294117647059","0.4875294117647059","0.4875294117647059","0.4875294117647059","0.4875294117647059","0.4875294117647059","0.4875294117647059","0.4875294117647059","0.4875294117647059","0.4875294117647059","0.9883529411764707","0.9883529411764707","0.9883529411764707","0.9883529411764707","0.9883529411764707","0.9883529411764707","0.9883529411764707","0.9883529411764707","0.9883529411764707","0.9883529411764707","0.3438823529411765","0.3438823529411765","0.3438823529411765","0.3438823529411765","0.3438823529411765","0.3438823529411765","0.3438823529411765","0.3438823529411765","0.3438823529411765","0.3438823529411765","0.7127058823529412","0.7127058823529412","0.7127058823529412","0.7127058823529412","0.7127058823529412","0.7127058823529412","0.7127058823529412","0.7127058823529412","0.7127058823529412","0.7127058823529412","0.7127058823529412","0.7127058823529412","0.7127058823529412","0.7127058823529412","0.7127058823529412","0.7127058823529412","0.7127058823529412","0.7127058823529412","0.7127058823529412","0.7127058823529412","0.01","0.01","1.01","0.01","0.01","0.01","0.01","0.01","0.01","1.01","0.01","0.01","0.01","0.01","0.01","0.01","1.01","0.01","0.01","0.01","0.01","0.01","0.01","1.01","0.01","0.01","0.01","0.01","0.01","0.01","1.01","0.01","0.01","0.01","0.01","0.01","0.01","1.01","0.01","0.01","0.01","0.01","0.01","0.01","1.01","0.01","0.01","0.01","0.01","0.01","0.01","1.01","0.01","0.01","0.01","0.01","0.01","0.01","1.01","0.01","0.01","0.01","0.01","0.01","0.01","1.01","0.01","0.01","0.01","0.01","0.01","0.01","1.01","0.01","0.01","0.01","0.01","0.01","0.01","1.01","0.01","0.01","0.01","0.01","0.01","0.01","1.01","0.01","0.01","0.01","0.01","0.01","0.01","1.01","0.01","0.01","0.01","0.01","0.01","0.01","1.01","0.01","0.01","0.01","0.01","0.01","0.01","1.01","0.01","0.01","0.01","0.01","0.01","0.01","1.01","0.01","0.01","0.01","0.01","0.01","0.01","1.01","0.01","0.01","0.01","0.01","0.01","0.01","1.01","0.01","0.01","0.01","0.01","0.01","0.01","1.01","0.01","0.01","0.01","0.01","0.01","0.01","1.01","0.01","0.01","0.01","0.01","0.01","0.01","1.01","0.01","0.01","0.01","0.01","0.01","0.01","1.01","0.01","0.01","0.01","0.01","0.01","0.01","1.01","0.01","0.01","0.01","0.01","0.01","0.01","1.01","0.01","0.01","0.01","0.01","0.01","0.01","1.01","0.01","0.01","0.01","0.01","0.01","0.01","1.01","0.01","0.01","0.01","0.01","0.01","0.01","1.01","0.01","0.01","0.01","0.01","0.01","0.01","1.01","0.01","0.01","0.01","0.01","0.01","0.01","1.01","0.01","0.01","0.01","0.01","0.175","0.13774193548387098","0.5695652173913043","0.14423728813559322","0.8322033898305085","0.505","0.175","0.13774193548387098","0.5695652173913043","0.14423728813559322","0.8322033898305085","0.505","0.175","0.13774193548387098","0.5695652173913043","0.14423728813559322","0.8322033898305085","0.505","0.175","0.13774193548387098","0.5695652173913043","0.14423728813559322","0.8322033898305085","0.505","0.175","0.13774193548387098","0.5695652173913043","0.14423728813559322","0.8322033898305085","0.505"
"2","0.6272941176470588","0.6272941176470588","0.6272941176470588","0.6272941176470588","0.6272941176470588","0.6272941176470588","0.6272941176470588","0.6272941176470588","0.6272941176470588","0.6272941176470588","0.02164705882352941","0.02164705882352941","0.02164705882352941","0.02164705882352941","0.02164705882352941","0.02164705882352941","0.02164705882352941","0.02164705882352941","0.02164705882352941","0.02164705882352941","0.9145882352941176","0.9145882352941176","0.9145882352941176","0.9145882352941176","0.9145882352941176","0.9145882352941176","0.9145882352941176","0.9145882352941176","0.9145882352941176","0.9145882352941176","0.5807058823529412","0.5807058823529412","0.5807058823529412","0.5807058823529412","0.5807058823529412","0.5807058823529412","0.5807058823529412","0.5807058823529412","0.5807058823529412","0.5807058823529412","0.5807058823529412","0.5807058823529412","0.5807058823529412","0.5807058823529412","0.5807058823529412","0.5807058823529412","0.5807058823529412","0.5807058823529412","0.5807058823529412","0.5807058823529412","0.01","1.01","0.01","0.01","0.01","0.01","0.01","0.01","1.01","0.01","0.01","0.01","0.01","0.01","0.01","1.01","0.01","0.01","0.01","0.01","0.01","0.01","1.01","0.01","0.01","0.01","0.01","0.01","0.01","1.01","0.01","0.01","0.01","0.01","0.01","0.01","1.01","0.01","0.01","0.01","0.01","0.01","0.01","1.01","0.01","0.01","0.01","0.01","0.01","0.01","1.01","0.01","0.01","0.01","0.01","0.01","0.01","1.01","0.01","0.01","0.01","0.01","0.01","0.01","1.01","0.01","0.01","0.01","0.01","0.01","0.01","1.01","0.01","0.01","0.01","0.01","0.01","0.01","1.01","0.01","0.01","0.01","0.01","0.01","0.01","1.01","0.01","0.01","0.01","0.01","0.01","0.01","1.01","0.01","0.01","0.01","0.01","0.01","0.01","1.01","0.01","0.01","0.01","0.01","0.01","0.01","1.01","0.01","0.01","0.01","0.01","0.01","0.01","1.01","0.01","0.01","0.01","0.01","0.01","0.01","1.01","0.01","0.01","0.01","0.01","0.01","0.01","1.01","0.01","0.01","0.01","0.01","0.01","0.01","1.01","0.01","0.01","0.01","0.01","0.01","0.01","1.01","0.01","0.01","0.01","0.01","0.01","0.01","1.01","0.01","0.01","0.01","0.01","0.01","0.01","1.01","0.01","0.01","0.01","0.01","0.01","0.01","1.01","0.01","0.01","0.01","0.01","0.01","0.01","1.01","0.01","0.01","0.01","0.01","0.01","0.01","1.01","0.01","0.01","0.01","0.01","0.01","0.01","1.01","0.01","0.01","0.01","0.01","0.01","0.01","1.01","0.01","0.01","0.01","0.01","0.01","0.01","1.01","0.01","0.01","0.01","0.01","0.01","0.01","1.01","0.01","0.01","0.01","0.01","0.01","0.175","0.13774193548387098","0.5695652173913043","0.14423728813559322","0.882542372881356","0.505","0.175","0.13774193548387098","0.5695652173913043","0.14423728813559322","0.882542372881356","0.505","0.175","0.13774193548387098","0.5695652173913043","0.14423728813559322","0.882542372881356","0.505","0.175","0.13774193548387098","0.5695652173913043","0.14423728813559322","0.882542372881356","0.505","0.175","0.13774193548387098","0.5695652173913043","0.14423728813559322","0.882542372881356","0.505"
"4","0.1963529411764706","0.1963529411764706","0.1963529411764706","0.1963529411764706","0.1963529411764706","0.1963529411764706","0.1963529411764706","0.1963529411764706","0.1963529411764706","0.1963529411764706","0.6544705882352941","0.6544705882352941","0.6544705882352941","0.6544705882352941","0.6544705882352941","0.6544705882352941","0.6544705882352941","0.6544705882352941","0.6544705882352941","0.6544705882352941","0.5729411764705882","0.5729411764705882","0.5729411764705882","0.5729411764705882","0.5729411764705882","0.5729411764705882","0.5729411764705882","0.5729411764705882","0.5729411764705882","0.5729411764705882","0.27788235294117647","0.27788235294117647","0.27788235294117647","0.27788235294117647","0.27788235294117647","0.27788235294117647","0.27788235294117647","0.27788235294117647","0.27788235294117647","0.27788235294117647","0.27788235294117647","0.27788235294117647","0.27788235294117647","0.27788235294117647","0.27788235294117647","0.27788235294117647","0.27788235294117647","0.27788235294117647","0.27788235294117647","0.27788235294117647","0.01","0.01","0.01","0.01","1.01","0.01","0.01","0.01","0.01","0.01","0.01","1.01","0.01","0.01","0.01","0.01","0.01","0.01","1.01","0.01","0.01","0.01","0.01","0.01","0.01","1.01","0.01","0.01","0.01","0.01","0.01","0.01","1.01","0.01","0.01","0.01","0.01","0.01","0.01","1.01","0.01","0.01","0.01","0.01","0.01","0.01","1.01","0.01","0.01","0.01","0.01","0.01","0.01","1.01","0.01","0.01","0.01","0.01","0.01","0.01","1.01","0.01","0.01","0.01","0.01","0.01","0.01","1.01","0.01","0.01","0.01","0.01","0.01","0.01","1.01","0.01","0.01","0.01","0.01","0.01","0.01","1.01","0.01","0.01","0.01","0.01","0.01","0.01","1.01","0.01","0.01","0.01","0.01","0.01","0.01","1.01","0.01","0.01","0.01","0.01","0.01","0.01","1.01","0.01","0.01","0.01","0.01","0.01","0.01","1.01","0.01","0.01","0.01","0.01","0.01","0.01","1.01","0.01","0.01","0.01","0.01","0.01","0.01","1.01","0.01","0.01","0.01","0.01","0.01","0.01","1.01","0.01","0.01","0.01","0.01","0.01","0.01","1.01","0.01","0.01","0.01","0.01","0.01","0.01","1.01","0.01","0.01","0.01","0.01","0.01","0.01","1.01","0.01","0.01","0.01","0.01","0.01","0.01","1.01","0.01","0.01","0.01","0.01","0.01","0.01","1.01","0.01","0.01","0.01","0.01","0.01","0.01","1.01","0.01","0.01","0.01","0.01","0.01","0.01","1.01","0.01","0.01","0.01","0.01","0.01","0.01","1.01","0.01","0.01","0.01","0.01","0.01","0.01","1.01","0.01","0.01","0.01","0.01","0.01","0.01","1.01","0.01","0.01","0.01","0.01","0.01","0.01","1.01","0.01","0.01","0.175","0.13774193548387098","0.5695652173913043","0.14423728813559322","0.9328813559322033","0.505","0.175","0.13774193548387098","0.5695652173913043","0.14423728813559322","0.9328813559322033","0.505","0.175","0.13774193548387098","0.5695652173913043","0.14423728813559322","0.9328813559322033","0.505","0.175","0.13774193548387098","0.5695652173913043","0.14423728813559322","0.9328813559322033","0.505","0.175","0.13774193548387098","0.5695652173913043","0.14423728813559322","0.9328813559322033","0.505"
"2","0.13423529411764706","0.13423529411764706","0.13423529411764706","0.13423529411764706","0.13423529411764706","0.13423529411764706","0.13423529411764706","0.13423529411764706","0.13423529411764706","0.13423529411764706","0.16141176470588237","0.16141176470588237","0.16141176470588237","0.16141176470588237","0.16141176470588237","0.16141176470588237","0.16141176470588237","0.16141176470588237","0.16141176470588237","0.16141176470588237","0.6505882352941177","0.6505882352941177","0.6505882352941177","0.6505882352941177","0.6505882352941177","0.6505882352941177","0.6505882352941177","0.6505882352941177","0.6505882352941177","0.6505882352941177","0.9456470588235294","0.9456470588235294","0.9456470588235294","0.9456470588235294","0.9456470588235294","0.9456470588235294","0.9456470588235294","0.9456470588235294","0.9456470588235294","0.9456470588235294","0.9456470588235294","0.9456470588235294","0.9456470588235294","0.9456470588235294","0.9456470588235294","0.9456470588235294","0.9456470588235294","0.9456470588235294","0.9456470588235294","0.9456470588235294","0.01","1.01","0.01","0.01","0.01","0.01","0.01","0.01","1.01","0.01","0.01","0.01","0.01","0.01","0.01","1.01","0.01","0.01","0.01","0.01","0.01","0.01","1.01","0.01","0.01","0.01","0.01","0.01","0.01","1.01","0.01","0.01","0.01","0.01","0.01","0.01","1.01","0.01","0.01","0.01","0.01","0.01","0.01","1.01","0.01","0.01","0.01","0.01","0.01","0.01","1.01","0.01","0.01","0.01","0.01","0.01","0.01","1.01","0.01","0.01","0.01","0.01","0.01","0.01","1.01","0.01","0.01","0.01","0.01","0.01","0.01","1.01","0.01","0.01","0.01","0.01","0.01","0.01","1.01","0.01","0.01","0.01","0.01","0.01","0.01","1.01","0.01","0.01","0.01","0.01","0.01","0.01","1.01","0.01","0.01","0.01","0.01","0.01","0.01","1.01","0.01","0.01","0.01","0.01","0.01","0.01","1.01","0.01","0.01","0.01","0.01","0.01","0.01","1.01","0.01","0.01","0.01","0.01","0.01","0.01","1.01","0.01","0.01","0.01","0.01","0.01","0.01","1.01","0.01","0.01","0.01","0.01","0.01","0.01","1.01","0.01","0.01","0.01","0.01","0.01","0.01","1.01","0.01","0.01","0.01","0.01","0.01","0.01","1.01","0.01","0.01","0.01","0.01","0.01","0.01","1.01","0.01","0.01","0.01","0.01","0.01","0.01","1.01","0.01","0.01","0.01","0.01","0.01","0.01","1.01","0.01","0.01","0.01","0.01","0.01","0.01","1.01","0.01","0.01","0.01","0.01","0.01","0.01","1.01","0.01","0.01","0.01","0.01","0.01","0.01","1.01","0.01","0.01","0.01","0.01","0.01","0.01","1.01","0.01","0.01","0.01","0.01","0.01","0.01","1.01","0.01","0.01","0.01","0.01","0.01","0.175","0.13774193548387098","0.5695652173913043","0.14423728813559322","0.983220338983051","0.505","0.175","0.13774193548387098","0.5695652173913043","0.14423728813559322","0.983220338983051","0.505","0.175","0.13774193548387098","0.5695652173913043","0.14423728813559322","0.983220338983051","0.505","0.175","0.13774193548387098","0.5695652173913043","0.14423728813559322","0.983220338983051","0.505","0.175","0.13774193548387098","0.5695652173913043","0.14423728813559322","0.983220338983051","0.505"
"0","0.6699999999999999","0.6699999999999999","0.6699999999999999","0.6699999999999999","0.6699999999999999","0.6699999999999999","0.6699999999999999","0.6699999999999999","0.6699999999999999","0.6699999999999999","0.5923529411764706","0.5923529411764706","0.5923529411764706","0.5923529411764706","0.5923529411764706","0.5923529411764706","0.5923529411764706","0.5923529411764706","0.5923529411764706","0.5923529411764706","0.7981176470588235","0.7981176470588235","0.7981176470588235","0.7981176470588235","0.7981176470588235","0.7981176470588235","0.7981176470588235","0.7981176470588235","0.7981176470588235","0.7981176470588235","0.06435294117647058","0.06435294117647058","0.06435294117647058","0.06435294117647058","0.06435294117647058","0.06435294117647058","0.06435294117647058","0.06435294117647058","0.06435294117647058","0.06435294117647058","0.06435294117647058","0.06435294117647058","0.06435294117647058","0.06435294117647058","0.06435294117647058","0.06435294117647058","0.06435294117647058","0.06435294117647058","0.06435294117647058","0.06435294117647058","0.01","0.01","1.01","0.01","0.01","0.01","0.01","0.01","0.01","1.01","0.01","0.01","0.01","0.01","0.01","0.01","1.01","0.01","0.01","0.01","0.01","0.01","0.01","1.01","0.01","0.01","0.01","0.01","0.01","0.01","1.01","0.01","0.01","0.01","0.01","0.01","0.01","1.01","0.01","0.01","0.01","0.01","0.01","0.01","1.01","0.01","0.01","0.01","0.01","0.01","0.01","1.01","0.01","0.01","0.01","0.01","0.01","0.01","1.01","0.01","0.01","0.01","0.01","0.01","0.01","1.01","0.01","0.01","0.01","0.01","0.01","0.01","1.01","0.01","0.01","0.01","0.01","0.01","0.01","1.01","0.01","0.01","0.01","0.01","0.01","0.01","1.01","0.01","0.01","0.01","0.01","0.01","0.01","1.01","0.01","0.01","0.01","0.01","0.01","0.01","1.01","0.01","0.01","0.01","0.01","0.01","0.01","1.01","0.01","0.01","0.01","0.01","0.01","0.01","1.01","0.01","0.01","0.01","0.01","0.01","0.01","1.01","0.01","0.01","0.01","0.01","0.01","0.01","1.01","0.01","0.01","0.01","0.01","0.01","0.01","1.01","0.01","0.01","0.01","0.01","0.01","0.01","1.01","0.01","0.01","0.01","0.01","0.01","0.01","1.01","0.01","0.01","0.01","0.01","0.01","0.01","1.01","0.01","0.01","0.01","0.01","0.01","0.01","1.01","0.01","0.01","0.01","0.01","0.01","0.01","1.01","0.01","0.01","0.01","0.01","0.01","0.01","1.01","0.01","0.01","0.01","0.01","0.01","0.01","1.01","0.01","0.01","0.01","0.01","0.01","0.01","1.01","0.01","0.01","0.01","0.01","0.01","0.01","1.01","0.01","0.01","0.01","0.01","0.01","0.01","1.01","0.01","0.01","0.01","0.01","0.175","0.13774193548387098","0.5695652173913043","0.1610169491525424","0.01","0.505","0.175","0.13774193548387098","0.5695652173913043","0.1610169491525424","0.01","0.505","0.175","0.13774193548387098","0.5695652173913043","0.1610169491525424","0.01","0.505","0.175","0.13774193548387098","0.5695652173913043","0.1610169491525424","0.01","0.505","0.175","0.13774193548387098","0.5695652173913043","0.1610169491525424","0.01","0.505"
"4","0.25458823529411767","0.25458823529411767","0.25458823529411767","0.25458823529411767","0.25458823529411767","0.25458823529411767","0.25458823529411767","0.25458823529411767","0.25458823529411767","0.25458823529411767","0.3788235294117647","0.3788235294117647","0.3788235294117647","0.3788235294117647","0.3788235294117647","0.3788235294117647","0.3788235294117647","0.3788235294117647","0.3788235294117647","0.3788235294117647","0.8330588235294119","0.8330588235294119","0.8330588235294119","0.8330588235294119","0.8330588235294119","0.8330588235294119","0.8330588235294119","0.8330588235294119","0.8330588235294119","0.8330588235294119","0.860235294117647","0.860235294117647","0.860235294117647","0.860235294117647","0.860235294117647","0.860235294117647","0.860235294117647","0.860235294117647","0.860235294117647","0.860235294117647","0.860235294117647","0.860235294117647","0.860235294117647","0.860235294117647","0.860235294117647","0.860235294117647","0.860235294117647","0.860235294117647","0.860235294117647","0.860235294117647","1.01","0.01","0.01","0.01","0.01","0.01","0.01","1.01","0.01","0.01","0.01","0.01","0.01","0.01","1.01","0.01","0.01","0.01","0.01","0.01","0.01","1.01","0.01","0.01","0.01","0.01","0.01","0.01","1.01","0.01","0.01","0.01","0.01","0.01","0.01","1.01","0.01","0.01","0.01","0.01","0.01","0.01","1.01","0.01","0.01","0.01","0.01","0.01","0.01","1.01","0.01","0.01","0.01","0.01","0.01","0.01","1.01","0.01","0.01","0.01","0.01","0.01","0.01","1.01","0.01","0.01","0.01","0.01","0.01","0.01","1.01","0.01","0.01","0.01","0.01","0.01","0.01","1.01","0.01","0.01","0.01","0.01","0.01","0.01","1.01","0.01","0.01","0.01","0.01","0.01","0.01","1.01","0.01","0.01","0.01","0.01","0.01","0.01","1.01","0.01","0.01","0.01","0.01","0.01","0.01","1.01","0.01","0.01","0.01","0.01","0.01","0.01","1.01","0.01","0.01","0.01","0.01","0.01","0.01","1.01","0.01","0.01","0.01","0.01","0.01","0.01","1.01","0.01","0.01","0.01","0.01","0.01","0.01","1.01","0.01","0.01","0.01","0.01","0.01","0.01","1.01","0.01","0.01","0.01","0.01","0.01","0.01","1.01","0.01","0.01","0.01","0.01","0.01","0.01","1.01","0.01","0.01","0.01","0.01","0.01","0.01","1.01","0.01","0.01","0.01","0.01","0.01","0.01","1.01","0.01","0.01","0.01","0.01","0.01","0.01","1.01","0.01","0.01","0.01","0.01","0.01","0.01","1.01","0.01","0.01","0.01","0.01","0.01","0.01","1.01","0.01","0.01","0.01","0.01","0.01","0.01","1.01","0.01","0.01","0.01","0.01","0.01","0.01","1.01","0.01","0.01","0.01","0.01","0.01","0.01","0.175","0.13774193548387098","0.5695652173913043","0.1610169491525424","0.060338983050847464","0.505","0.175","0.13774193548387098","0.5695652173913043","0.1610169491525424","0.060338983050847464","0.505","0.175","0.13774193548387098","0.5695652173913043","0.1610169491525424","0.060338983050847464","0.505","0.175","0.13774193548387098","0.5695652173913043","0.1610169491525424","0.060338983050847464","0.505","0.175","0.13774193548387098","0.5695652173913043","0.1610169491525424","0.060338983050847464","0.505"
"4","0.6001176470588235","0.6001176470588235","0.6001176470588235","0.6001176470588235","0.6001176470588235","0.6001176470588235","0.6001176470588235","0.6001176470588235","0.6001176470588235","0.6001176470588235","0.4603529411764706","0.4603529411764706","0.4603529411764706","0.4603529411764706","0.4603529411764706","0.4603529411764706","0.4603529411764706","0.4603529411764706","0.4603529411764706","0.4603529411764706","0.8252941176470587","0.8252941176470587","0.8252941176470587","0.8252941176470587","0.8252941176470587","0.8252941176470587","0.8252941176470587","0.8252941176470587","0.8252941176470587","0.8252941176470587","0.1963529411764706","0.1963529411764706","0.1963529411764706","0.1963529411764706","0.1963529411764706","0.1963529411764706","0.1963529411764706","0.1963529411764706","0.1963529411764706","0.1963529411764706","0.1963529411764706","0.1963529411764706","0.1963529411764706","0.1963529411764706","0.1963529411764706","0.1963529411764706","0.1963529411764706","0.1963529411764706","0.1963529411764706","0.1963529411764706","1.01","0.01","0.01","0.01","0.01","0.01","0.01","1.01","0.01","0.01","0.01","0.01","0.01","0.01","1.01","0.01","0.01","0.01","0.01","0.01","0.01","1.01","0.01","0.01","0.01","0.01","0.01","0.01","1.01","0.01","0.01","0.01","0.01","0.01","0.01","1.01","0.01","0.01","0.01","0.01","0.01","0.01","1.01","0.01","0.01","0.01","0.01","0.01","0.01","1.01","0.01","0.01","0.01","0.01","0.01","0.01","1.01","0.01","0.01","0.01","0.01","0.01","0.01","1.01","0.01","0.01","0.01","0.01","0.01","0.01","1.01","0.01","0.01","0.01","0.01","0.01","0.01","1.01","0.01","0.01","0.01","0.01","0.01","0.01","1.01","0.01","0.01","0.01","0.01","0.01","0.01","1.01","0.01","0.01","0.01","0.01","0.01","0.01","1.01","0.01","0.01","0.01","0.01","0.01","0.01","1.01","0.01","0.01","0.01","0.01","0.01","0.01","1.01","0.01","0.01","0.01","0.01","0.01","0.01","1.01","0.01","0.01","0.01","0.01","0.01","0.01","1.01","0.01","0.01","0.01","0.01","0.01","0.01","1.01","0.01","0.01","0.01","0.01","0.01","0.01","1.01","0.01","0.01","0.01","0.01","0.01","0.01","1.01","0.01","0.01","0.01","0.01","0.01","0.01","1.01","0.01","0.01","0.01","0.01","0.01","0.01","1.01","0.01","0.01","0.01","0.01","0.01","0.01","1.01","0.01","0.01","0.01","0.01","0.01","0.01","1.01","0.01","0.01","0.01","0.01","0.01","0.01","1.01","0.01","0.01","0.01","0.01","0.01","0.01","1.01","0.01","0.01","0.01","0.01","0.01","0.01","1.01","0.01","0.01","0.01","0.01","0.01","0.01","1.01","0.01","0.01","0.01","0.01","0.01","0.01","0.175","0.13774193548387098","0.5695652173913043","0.1610169491525424","0.11067796610169492","0.505","0.175","0.13774193548387098","0.5695652173913043","0.1610169491525424","0.11067796610169492","0.505","0.175","0.13774193548387098","0.5695652173913043","0.1610169491525424","0.11067796610169492","0.505","0.175","0.13774193548387098","0.5695652173913043","0.1610169491525424","0.11067796610169492","0.505","0.175","0.13774193548387098","0.5695652173913043","0.1610169491525424","0.11067796610169492","0.505"
"0","0.6272941176470588","0.6272941176470588","0.6272941176470588","0.6272941176470588","0.6272941176470588","0.6272941176470588","0.6272941176470588","0.6272941176470588","0.6272941176470588","0.6272941176470588","0.347764705882353","0.347764705882353","0.347764705882353","0.347764705882353","0.347764705882353","0.347764705882353","0.347764705882353","0.347764705882353","0.347764705882353","0.347764705882353","0.9534117647058823","0.9534117647058823","0.9534117647058823","0.9534117647058823","0.9534117647058823","0.9534117647058823","0.9534117647058823","0.9534117647058823","0.9534117647058823","0.9534117647058823","0.35552941176470587","0.35552941176470587","0.35552941176470587","0.35552941176470587","0.35552941176470587","0.35552941176470587","0.35552941176470587","0.35552941176470587","0.35552941176470587","0.35552941176470587","0.35552941176470587","0.35552941176470587","0.35552941176470587","0.35552941176470587","0.35552941176470587","0.35552941176470587","0.35552941176470587","0.35552941176470587","0.35552941176470587","0.35552941176470587","0.01","0.01","0.01","0.01","1.01","0.01","0.01","0.01","0.01","0.01","0.01","1.01","0.01","0.01","0.01","0.01","0.01","0.01","1.01","0.01","0.01","0.01","0.01","0.01","0.01","1.01","0.01","0.01","0.01","0.01","0.01","0.01","1.01","0.01","0.01","0.01","0.01","0.01","0.01","1.01","0.01","0.01","0.01","0.01","0.01","0.01","1.01","0.01","0.01","0.01","0.01","0.01","0.01","1.01","0.01","0.01","0.01","0.01","0.01","0.01","1.01","0.01","0.01","0.01","0.01","0.01","0.01","1.01","0.01","0.01","0.01","0.01","0.01","0.01","1.01","0.01","0.01","0.01","0.01","0.01","0.01","1.01","0.01","0.01","0.01","0.01","0.01","0.01","1.01","0.01","0.01","0.01","0.01","0.01","0.01","1.01","0.01","0.01","0.01","0.01","0.01","0.01","1.01","0.01","0.01","0.01","0.01","0.01","0.01","1.01","0.01","0.01","0.01","0.01","0.01","0.01","1.01","0.01","0.01","0.01","0.01","0.01","0.01","1.01","0.01","0.01","0.01","0.01","0.01","0.01","1.01","0.01","0.01","0.01","0.01","0.01","0.01","1.01","0.01","0.01","0.01","0.01","0.01","0.01","1.01","0.01","0.01","0.01","0.01","0.01","0.01","1.01","0.01","0.01","0.01","0.01","0.01","0.01","1.01","0.01","0.01","0.01","0.01","0.01","0.01","1.01","0.01","0.01","0.01","0.01","0.01","0.01","1.01","0.01","0.01","0.01","0.01","0.01","0.01","1.01","0.01","0.01","0.01","0.01","0.01","0.01","1.01","0.01","0.01","0.01","0.01","0.01","0.01","1.01","0.01","0.01","0.01","0.01","0.01","0.01","1.01","0.01","0.01","0.01","0.01","0.01","0.01","1.01","0.01","0.01","0.175","0.13774193548387098","0.5695652173913043","0.1610169491525424","0.17779661016949153","0.505","0.175","0.13774193548387098","0.5695652173913043","0.1610169491525424","0.17779661016949153","0.505","0.175","0.13774193548387098","0.5695652173913043","0.1610169491525424","0.17779661016949153","0.505","0.175","0.13774193548387098","0.5695652173913043","0.1610169491525424","0.17779661016949153","0.505","0.175","0.13774193548387098","0.5695652173913043","0.1610169491525424","0.17779661016949153","0.505"
"6","0.42152941176470593","0.42152941176470593","0.42152941176470593","0.42152941176470593","0.42152941176470593","0.42152941176470593","0.42152941176470593","0.42152941176470593","0.42152941176470593","0.42152941176470593","0.6583529411764706","0.6583529411764706","0.6583529411764706","0.6583529411764706","0.6583529411764706","0.6583529411764706","0.6583529411764706","0.6583529411764706","0.6583529411764706","0.6583529411764706","0.01","0.01","0.01","0.01","0.01","0.01","0.01","0.01","0.01","0.01","0.274","0.274","0.274","0.274","0.274","0.274","0.274","0.274","0.274","0.274","0.274","0.274","0.274","0.274","0.274","0.274","0.274","0.274","0.274","0.274","0.01","0.01","0.01","0.01","1.01","0.01","0.01","0.01","0.01","0.01","0.01","1.01","0.01","0.01","0.01","0.01","0.01","0.01","1.01","0.01","0.01","0.01","0.01","0.01","0.01","1.01","0.01","0.01","0.01","0.01","0.01","0.01","1.01","0.01","0.01","0.01","0.01","0.01","0.01","1.01","0.01","0.01","0.01","0.01","0.01","0.01","1.01","0.01","0.01","0.01","0.01","0.01","0.01","1.01","0.01","0.01","0.01","0.01","0.01","0.01","1.01","0.01","0.01","0.01","0.01","0.01","0.01","1.01","0.01","0.01","0.01","0.01","0.01","0.01","1.01","0.01","0.01","0.01","0.01","0.01","0.01","1.01","0.01","0.01","0.01","0.01","0.01","0.01","1.01","0.01","0.01","0.01","0.01","0.01","0.01","1.01","0.01","0.01","0.01","0.01","0.01","0.01","1.01","0.01","0.01","0.01","0.01","0.01","0.01","1.01","0.01","0.01","0.01","0.01","0.01","0.01","1.01","0.01","0.01","0.01","0.01","0.01","0.01","1.01","0.01","0.01","0.01","0.01","0.01","0.01","1.01","0.01","0.01","0.01","0.01","0.01","0.01","1.01","0.01","0.01","0.01","0.01","0.01","0.01","1.01","0.01","0.01","0.01","0.01","0.01","0.01","1.01","0.01","0.01","0.01","0.01","0.01","0.01","1.01","0.01","0.01","0.01","0.01","0.01","0.01","1.01","0.01","0.01","0.01","0.01","0.01","0.01","1.01","0.01","0.01","0.01","0.01","0.01","0.01","1.01","0.01","0.01","0.01","0.01","0.01","0.01","1.01","0.01","0.01","0.01","0.01","0.01","0.01","1.01","0.01","0.01","0.01","0.01","0.01","0.01","1.01","0.01","0.01","0.01","0.01","0.01","0.01","1.01","0.01","0.01","0.175","0.13774193548387098","0.5695652173913043","0.1610169491525424","0.228135593220339","0.505","0.175","0.13774193548387098","0.5695652173913043","0.1610169491525424","0.228135593220339","0.505","0.175","0.13774193548387098","0.5695652173913043","0.1610169491525424","0.228135593220339","0.505","0.175","0.13774193548387098","0.5695652173913043","0.1610169491525424","0.228135593220339","0.505","0.175","0.13774193548387098","0.5695652173913043","0.1610169491525424","0.228135593220339","0.505"
"0","0.3982352941176471","0.3982352941176471","0.3982352941176471","0.3982352941176471","0.3982352941176471","0.3982352941176471","0.3982352941176471","0.3982352941176471","0.3982352941176471","0.3982352941176471","0.04882352941176471","0.04882352941176471","0.04882352941176471","0.04882352941176471","0.04882352941176471","0.04882352941176471","0.04882352941176471","0.04882352941176471","0.04882352941176471","0.04882352941176471","0.3128235294117647","0.3128235294117647","0.3128235294117647","0.3128235294117647","0.3128235294117647","0.3128235294117647","0.3128235294117647","0.3128235294117647","0.3128235294117647","0.3128235294117647","0.17305882352941176","0.17305882352941176","0.17305882352941176","0.17305882352941176","0.17305882352941176","0.17305882352941176","0.17305882352941176","0.17305882352941176","0.17305882352941176","0.17305882352941176","0.17305882352941176","0.17305882352941176","0.17305882352941176","0.17305882352941176","0.17305882352941176","0.17305882352941176","0.17305882352941176","0.17305882352941176","0.17305882352941176","0.17305882352941176","0.01","0.01","1.01","0.01","0.01","0.01","0.01","0.01","0.01","1.01","0.01","0.01","0.01","0.01","0.01","0.01","1.01","0.01","0.01","0.01","0.01","0.01","0.01","1.01","0.01","0.01","0.01","0.01","0.01","0.01","1.01","0.01","0.01","0.01","0.01","0.01","0.01","1.01","0.01","0.01","0.01","0.01","0.01","0.01","1.01","0.01","0.01","0.01","0.01","0.01","0.01","1.01","0.01","0.01","0.01","0.01","0.01","0.01","1.01","0.01","0.01","0.01","0.01","0.01","0.01","1.01","0.01","0.01","0.01","0.01","0.01","0.01","1.01","0.01","0.01","0.01","0.01","0.01","0.01","1.01","0.01","0.01","0.01","0.01","0.01","0.01","1.01","0.01","0.01","0.01","0.01","0.01","0.01","1.01","0.01","0.01","0.01","0.01","0.01","0.01","1.01","0.01","0.01","0.01","0.01","0.01","0.01","1.01","0.01","0.01","0.01","0.01","0.01","0.01","1.01","0.01","0.01","0.01","0.01","0.01","0.01","1.01","0.01","0.01","0.01","0.01","0.01","0.01","1.01","0.01","0.01","0.01","0.01","0.01","0.01","1.01","0.01","0.01","0.01","0.01","0.01","0.01","1.01","0.01","0.01","0.01","0.01","0.01","0.01","1.01","0.01","0.01","0.01","0.01","0.01","0.01","1.01","0.01","0.01","0.01","0.01","0.01","0.01","1.01","0.01","0.01","0.01","0.01","0.01","0.01","1.01","0.01","0.01","0.01","0.01","0.01","0.01","1.01","0.01","0.01","0.01","0.01","0.01","0.01","1.01","0.01","0.01","0.01","0.01","0.01","0.01","1.01","0.01","0.01","0.01","0.01","0.01","0.01","1.01","0.01","0.01","0.01","0.01","0.01","0.01","1.01","0.01","0.01","0.01","0.01","0.175","0.13774193548387098","0.5695652173913043","0.1610169491525424","0.2952542372881356","0.505","0.175","0.13774193548387098","0.5695652173913043","0.1610169491525424","0.2952542372881356","0.505","0.175","0.13774193548387098","0.5695652173913043","0.1610169491525424","0.2952542372881356","0.505","0.175","0.13774193548387098","0.5695652173913043","0.1610169491525424","0.2952542372881356","0.505","0.175","0.13774193548387098","0.5695652173913043","0.1610169491525424","0.2952542372881356","0.505"
"6","0.8214117647058823","0.8214117647058823","0.8214117647058823","0.8214117647058823","0.8214117647058823","0.8214117647058823","0.8214117647058823","0.8214117647058823","0.8214117647058823","0.8214117647058823","0.4914117647058823","0.4914117647058823","0.4914117647058823","0.4914117647058823","0.4914117647058823","0.4914117647058823","0.4914117647058823","0.4914117647058823","0.4914117647058823","0.4914117647058823","0.3904705882352941","0.3904705882352941","0.3904705882352941","0.3904705882352941","0.3904705882352941","0.3904705882352941","0.3904705882352941","0.3904705882352941","0.3904705882352941","0.3904705882352941","0.9145882352941176","0.9145882352941176","0.9145882352941176","0.9145882352941176","0.9145882352941176","0.9145882352941176","0.9145882352941176","0.9145882352941176","0.9145882352941176","0.9145882352941176","0.9145882352941176","0.9145882352941176","0.9145882352941176","0.9145882352941176","0.9145882352941176","0.9145882352941176","0.9145882352941176","0.9145882352941176","0.9145882352941176","0.9145882352941176","0.01","1.01","0.01","0.01","0.01","0.01","0.01","0.01","1.01","0.01","0.01","0.01","0.01","0.01","0.01","1.01","0.01","0.01","0.01","0.01","0.01","0.01","1.01","0.01","0.01","0.01","0.01","0.01","0.01","1.01","0.01","0.01","0.01","0.01","0.01","0.01","1.01","0.01","0.01","0.01","0.01","0.01","0.01","1.01","0.01","0.01","0.01","0.01","0.01","0.01","1.01","0.01","0.01","0.01","0.01","0.01","0.01","1.01","0.01","0.01","0.01","0.01","0.01","0.01","1.01","0.01","0.01","0.01","0.01","0.01","0.01","1.01","0.01","0.01","0.01","0.01","0.01","0.01","1.01","0.01","0.01","0.01","0.01","0.01","0.01","1.01","0.01","0.01","0.01","0.01","0.01","0.01","1.01","0.01","0.01","0.01","0.01","0.01","0.01","1.01","0.01","0.01","0.01","0.01","0.01","0.01","1.01","0.01","0.01","0.01","0.01","0.01","0.01","1.01","0.01","0.01","0.01","0.01","0.01","0.01","1.01","0.01","0.01","0.01","0.01","0.01","0.01","1.01","0.01","0.01","0.01","0.01","0.01","0.01","1.01","0.01","0.01","0.01","0.01","0.01","0.01","1.01","0.01","0.01","0.01","0.01","0.01","0.01","1.01","0.01","0.01","0.01","0.01","0.01","0.01","1.01","0.01","0.01","0.01","0.01","0.01","0.01","1.01","0.01","0.01","0.01","0.01","0.01","0.01","1.01","0.01","0.01","0.01","0.01","0.01","0.01","1.01","0.01","0.01","0.01","0.01","0.01","0.01","1.01","0.01","0.01","0.01","0.01","0.01","0.01","1.01","0.01","0.01","0.01","0.01","0.01","0.01","1.01","0.01","0.01","0.01","0.01","0.01","0.01","1.01","0.01","0.01","0.01","0.01","0.01","0.175","0.13774193548387098","0.5695652173913043","0.1610169491525424","0.34559322033898304","0.505","0.175","0.13774193548387098","0.5695652173913043","0.1610169491525424","0.34559322033898304","0.505","0.175","0.13774193548387098","0.5695652173913043","0.1610169491525424","0.34559322033898304","0.505","0.175","0.13774193548387098","0.5695652173913043","0.1610169491525424","0.34559322033898304","0.505","0.175","0.13774193548387098","0.5695652173913043","0.1610169491525424","0.34559322033898304","0.505"
"6","0.6389411764705882","0.6389411764705882","0.6389411764705882","0.6389411764705882","0.6389411764705882","0.6389411764705882","0.6389411764705882","0.6389411764705882","0.6389411764705882","0.6389411764705882","0.7709411764705882","0.7709411764705882","0.7709411764705882","0.7709411764705882","0.7709411764705882","0.7709411764705882","0.7709411764705882","0.7709411764705882","0.7709411764705882","0.7709411764705882","0.7165882352941176","0.7165882352941176","0.7165882352941176","0.7165882352941176","0.7165882352941176","0.7165882352941176","0.7165882352941176","0.7165882352941176","0.7165882352941176","0.7165882352941176","0.6467058823529412","0.6467058823529412","0.6467058823529412","0.6467058823529412","0.6467058823529412","0.6467058823529412","0.6467058823529412","0.6467058823529412","0.6467058823529412","0.6467058823529412","0.6467058823529412","0.6467058823529412","0.6467058823529412","0.6467058823529412","0.6467058823529412","0.6467058823529412","0.6467058823529412","0.6467058823529412","0.6467058823529412","0.6467058823529412","0.01","0.01","0.01","1.01","0.01","0.01","0.01","0.01","0.01","0.01","1.01","0.01","0.01","0.01","0.01","0.01","0.01","1.01","0.01","0.01","0.01","0.01","0.01","0.01","1.01","0.01","0.01","0.01","0.01","0.01","0.01","1.01","0.01","0.01","0.01","0.01","0.01","0.01","1.01","0.01","0.01","0.01","0.01","0.01","0.01","1.01","0.01","0.01","0.01","0.01","0.01","0.01","1.01","0.01","0.01","0.01","0.01","0.01","0.01","1.01","0.01","0.01","0.01","0.01","0.01","0.01","1.01","0.01","0.01","0.01","0.01","0.01","0.01","1.01","0.01","0.01","0.01","0.01","0.01","0.01","1.01","0.01","0.01","0.01","0.01","0.01","0.01","1.01","0.01","0.01","0.01","0.01","0.01","0.01","1.01","0.01","0.01","0.01","0.01","0.01","0.01","1.01","0.01","0.01","0.01","0.01","0.01","0.01","1.01","0.01","0.01","0.01","0.01","0.01","0.01","1.01","0.01","0.01","0.01","0.01","0.01","0.01","1.01","0.01","0.01","0.01","0.01","0.01","0.01","1.01","0.01","0.01","0.01","0.01","0.01","0.01","1.01","0.01","0.01","0.01","0.01","0.01","0.01","1.01","0.01","0.01","0.01","0.01","0.01","0.01","1.01","0.01","0.01","0.01","0.01","0.01","0.01","1.01","0.01","0.01","0.01","0.01","0.01","0.01","1.01","0.01","0.01","0.01","0.01","0.01","0.01","1.01","0.01","0.01","0.01","0.01","0.01","0.01","1.01","0.01","0.01","0.01","0.01","0.01","0.01","1.01","0.01","0.01","0.01","0.01","0.01","0.01","1.01","0.01","0.01","0.01","0.01","0.01","0.01","1.01","0.01","0.01","0.01","0.01","0.01","0.01","1.01","0.01","0.01","0.01","0.175","0.13774193548387098","0.5695652173913043","0.1610169491525424","0.3791525423728814","0.505","0.175","0.13774193548387098","0.5695652173913043","0.1610169491525424","0.3791525423728814","0.505","0.175","0.13774193548387098","0.5695652173913043","0.1610169491525424","0.3791525423728814","0.505","0.175","0.13774193548387098","0.5695652173913043","0.1610169491525424","0.3791525423728814","0.505","0.175","0.13774193548387098","0.5695652173913043","0.1610169491525424","0.3791525423728814","0.505"
"6","0.20800000000000002","0.20800000000000002","0.20800000000000002","0.20800000000000002","0.20800000000000002","0.20800000000000002","0.20800000000000002","0.20800000000000002","0.20800000000000002","0.20800000000000002","0.7398823529411765","0.7398823529411765","0.7398823529411765","0.7398823529411765","0.7398823529411765","0.7398823529411765","0.7398823529411765","0.7398823529411765","0.7398823529411765","0.7398823529411765","0.02164705882352941","0.02164705882352941","0.02164705882352941","0.02164705882352941","0.02164705882352941","0.02164705882352941","0.02164705882352941","0.02164705882352941","0.02164705882352941","0.02164705882352941","0.01388235294117647","0.01388235294117647","0.01388235294117647","0.01388235294117647","0.01388235294117647","0.01388235294117647","0.01388235294117647","0.01388235294117647","0.01388235294117647","0.01388235294117647","0.01388235294117647","0.01388235294117647","0.01388235294117647","0.01388235294117647","0.01388235294117647","0.01388235294117647","0.01388235294117647","0.01388235294117647","0.01388235294117647","0.01388235294117647","0.01","0.01","0.01","1.01","0.01","0.01","0.01","0.01","0.01","0.01","1.01","0.01","0.01","0.01","0.01","0.01","0.01","1.01","0.01","0.01","0.01","0.01","0.01","0.01","1.01","0.01","0.01","0.01","0.01","0.01","0.01","1.01","0.01","0.01","0.01","0.01","0.01","0.01","1.01","0.01","0.01","0.01","0.01","0.01","0.01","1.01","0.01","0.01","0.01","0.01","0.01","0.01","1.01","0.01","0.01","0.01","0.01","0.01","0.01","1.01","0.01","0.01","0.01","0.01","0.01","0.01","1.01","0.01","0.01","0.01","0.01","0.01","0.01","1.01","0.01","0.01","0.01","0.01","0.01","0.01","1.01","0.01","0.01","0.01","0.01","0.01","0.01","1.01","0.01","0.01","0.01","0.01","0.01","0.01","1.01","0.01","0.01","0.01","0.01","0.01","0.01","1.01","0.01","0.01","0.01","0.01","0.01","0.01","1.01","0.01","0.01","0.01","0.01","0.01","0.01","1.01","0.01","0.01","0.01","0.01","0.01","0.01","1.01","0.01","0.01","0.01","0.01","0.01","0.01","1.01","0.01","0.01","0.01","0.01","0.01","0.01","1.01","0.01","0.01","0.01","0.01","0.01","0.01","1.01","0.01","0.01","0.01","0.01","0.01","0.01","1.01","0.01","0.01","0.01","0.01","0.01","0.01","1.01","0.01","0.01","0.01","0.01","0.01","0.01","1.01","0.01","0.01","0.01","0.01","0.01","0.01","1.01","0.01","0.01","0.01","0.01","0.01","0.01","1.01","0.01","0.01","0.01","0.01","0.01","0.01","1.01","0.01","0.01","0.01","0.01","0.01","0.01","1.01","0.01","0.01","0.01","0.01","0.01","0.01","1.01","0.01","0.01","0.01","0.01","0.01","0.01","1.01","0.01","0.01","0.01","0.175","0.13774193548387098","0.5695652173913043","0.1610169491525424","0.4294915254237288","0.505","0.175","0.13774193548387098","0.5695652173913043","0.1610169491525424","0.4294915254237288","0.505","0.175","0.13774193548387098","0.5695652173913043","0.1610169491525424","0.4294915254237288","0.505","0.175","0.13774193548387098","0.5695652173913043","0.1610169491525424","0.4294915254237288","0.505","0.175","0.13774193548387098","0.5695652173913043","0.1610169491525424","0.4294915254237288","0.505"
"6","0.2351764705882353","0.2351764705882353","0.2351764705882353","0.2351764705882353","0.2351764705882353","0.2351764705882353","0.2351764705882353","0.2351764705882353","0.2351764705882353","0.2351764705882353","0.14200000000000002","0.14200000000000002","0.14200000000000002","0.14200000000000002","0.14200000000000002","0.14200000000000002","0.14200000000000002","0.14200000000000002","0.14200000000000002","0.14200000000000002","0.39435294117647063","0.39435294117647063","0.39435294117647063","0.39435294117647063","0.39435294117647063","0.39435294117647063","0.39435294117647063","0.39435294117647063","0.39435294117647063","0.39435294117647063","0.9689411764705882","0.9689411764705882","0.9689411764705882","0.9689411764705882","0.9689411764705882","0.9689411764705882","0.9689411764705882","0.9689411764705882","0.9689411764705882","0.9689411764705882","0.9689411764705882","0.9689411764705882","0.9689411764705882","0.9689411764705882","0.9689411764705882","0.9689411764705882","0.9689411764705882","0.9689411764705882","0.9689411764705882","0.9689411764705882","1.01","0.01","0.01","0.01","0.01","0.01","0.01","1.01","0.01","0.01","0.01","0.01","0.01","0.01","1.01","0.01","0.01","0.01","0.01","0.01","0.01","1.01","0.01","0.01","0.01","0.01","0.01","0.01","1.01","0.01","0.01","0.01","0.01","0.01","0.01","1.01","0.01","0.01","0.01","0.01","0.01","0.01","1.01","0.01","0.01","0.01","0.01","0.01","0.01","1.01","0.01","0.01","0.01","0.01","0.01","0.01","1.01","0.01","0.01","0.01","0.01","0.01","0.01","1.01","0.01","0.01","0.01","0.01","0.01","0.01","1.01","0.01","0.01","0.01","0.01","0.01","0.01","1.01","0.01","0.01","0.01","0.01","0.01","0.01","1.01","0.01","0.01","0.01","0.01","0.01","0.01","1.01","0.01","0.01","0.01","0.01","0.01","0.01","1.01","0.01","0.01","0.01","0.01","0.01","0.01","1.01","0.01","0.01","0.01","0.01","0.01","0.01","1.01","0.01","0.01","0.01","0.01","0.01","0.01","1.01","0.01","0.01","0.01","0.01","0.01","0.01","1.01","0.01","0.01","0.01","0.01","0.01","0.01","1.01","0.01","0.01","0.01","0.01","0.01","0.01","1.01","0.01","0.01","0.01","0.01","0.01","0.01","1.01","0.01","0.01","0.01","0.01","0.01","0.01","1.01","0.01","0.01","0.01","0.01","0.01","0.01","1.01","0.01","0.01","0.01","0.01","0.01","0.01","1.01","0.01","0.01","0.01","0.01","0.01","0.01","1.01","0.01","0.01","0.01","0.01","0.01","0.01","1.01","0.01","0.01","0.01","0.01","0.01","0.01","1.01","0.01","0.01","0.01","0.01","0.01","0.01","1.01","0.01","0.01","0.01","0.01","0.01","0.01","1.01","0.01","0.01","0.01","0.01","0.01","0.01","0.175","0.13774193548387098","0.5695652173913043","0.17779661016949153","0.026779661016949154","0.505","0.175","0.13774193548387098","0.5695652173913043","0.17779661016949153","0.026779661016949154","0.505","0.175","0.13774193548387098","0.5695652173913043","0.17779661016949153","0.026779661016949154","0.505","0.175","0.13774193548387098","0.5695652173913043","0.17779661016949153","0.026779661016949154","0.505","0.175","0.13774193548387098","0.5695652173913043","0.17779661016949153","0.026779661016949154","0.505"
