"7","0.7010588235294117","0.9175","0.7764516129032258","0.48347826086956525","0.8322033898305085","0.2952542372881356","0.175","0.19811881188118813","0.15851485148514852","0.15851485148514852","0.19811881188118813","0.15851485148514852","0.18821782178217822","0.01","0.10317647058823529","0.19811881188118813","0.15851485148514852","0.15851485148514852","0.19811881188118813","0.15851485148514852","0.18821782178217822","0.01","0.10317647058823529","0.19811881188118813","0.15851485148514852","0.15851485148514852","0.19811881188118813","0.15851485148514852","0.18821782178217822","0.01","0.10317647058823529","0.19811881188118813","0.15851485148514852","0.15851485148514852","0.19811881188118813","0.15851485148514852","0.18821782178217822","0.01","0.10317647058823529","0.19811881188118813","0.15851485148514852","0.15851485148514852","0.19811881188118813","0.15851485148514852","0.18821782178217822","0.01","0.10317647058823529","0.19811881188118813","0.15851485148514852","0.15851485148514852","0.19811881188118813","0.15851485148514852","0.18821782178217822","0.01","0.10317647058823529","0.19811881188118813","0.15851485148514852","0.15851485148514852","0.19811881188118813","0.15851485148514852","0.18821782178217822","0.01","0.10317647058823529","0.19811881188118813","0.15851485148514852","0.15851485148514852","0.19811881188118813","0.15851485148514852","0.18821782178217822","0.01","0.10317647058823529","0.19811881188118813","0.15851485148514852","0.15851485148514852","0.19811881188118813","0.15851485148514852","0.18821782178217822","0.01","0.10317647058823529","0.19811881188118813","0.15851485148514852","0.15851485148514852","0.19811881188118813","0.15851485148514852","0.18821782178217822","0.01","0.10317647058823529"
"3","0.4914117647058823","0.9175","0.7764516129032258","0.48347826086956525","0.8993220338983051","0.17779661016949153","0.175","0.19811881188118813","0.17831683168316834","0.13871287128712873","0.20801980198019804","0.20801980198019804","0.12881188118811882","0.01","0.060470588235294116","0.19811881188118813","0.17831683168316834","0.13871287128712873","0.20801980198019804","0.20801980198019804","0.12881188118811882","0.01","0.060470588235294116","0.19811881188118813","0.17831683168316834","0.13871287128712873","0.20801980198019804","0.20801980198019804","0.12881188118811882","0.01","0.060470588235294116","0.19811881188118813","0.17831683168316834","0.13871287128712873","0.20801980198019804","0.20801980198019804","0.12881188118811882","0.01","0.060470588235294116","0.19811881188118813","0.17831683168316834","0.13871287128712873","0.20801980198019804","0.20801980198019804","0.12881188118811882","0.01","0.060470588235294116","0.19811881188118813","0.17831683168316834","0.13871287128712873","0.20801980198019804","0.20801980198019804","0.12881188118811882","0.01","0.060470588235294116","0.19811881188118813","0.17831683168316834","0.13871287128712873","0.20801980198019804","0.20801980198019804","0.12881188118811882","0.01","0.060470588235294116","0.19811881188118813","0.17831683168316834","0.13871287128712873","0.20801980198019804","0.20801980198019804","0.12881188118811882","0.01","0.060470588235294116","0.19811881188118813","0.17831683168316834","0.13871287128712873","0.20801980198019804","0.20801980198019804","0.12881188118811882","0.01","0.060470588235294116","0.19811881188118813","0.17831683168316834","0.13871287128712873","0.20801980198019804","0.20801980198019804","0.12881188118811882","0.01","0.060470588235294116"
"3","0.42152941176470593","0.9175","0.7764516129032258","0.48347826086956525","0.8993220338983051","0.228135593220339","0.175","0.20801980198019804","0.16841584158415843","0.20801980198019804","0.15851485148514852","0.16841584158415843","0.14861386138613863","0.01","0.11870588235294117","0.20801980198019804","0.16841584158415843","0.20801980198019804","0.15851485148514852","0.16841584158415843","0.14861386138613863","0.01","0.11870588235294117","0.20801980198019804","0.16841584158415843","0.20801980198019804","0.15851485148514852","0.16841584158415843","0.14861386138613863","0.01","0.11870588235294117","0.20801980198019804","0.16841584158415843","0.20801980198019804","0.15851485148514852","0.16841584158415843","0.14861386138613863","0.01","0.11870588235294117","0.20801980198019804","0.16841584158415843","0.20801980198019804","0.15851485148514852","0.16841584158415843","0.14861386138613863","0.01","0.11870588235294117","0.20801980198019804","0.16841584158415843","0.20801980198019804","0.15851485148514852","0.16841584158415843","0.14861386138613863","0.01","0.11870588235294117","0.20801980198019804","0.16841584158415843","0.20801980198019804","0.15851485148514852","0.16841584158415843","0.14861386138613863","0.01","0.11870588235294117","0.20801980198019804","0.16841584158415843","0.20801980198019804","0.15851485148514852","0.16841584158415843","0.14861386138613863","0.01","0.11870588235294117","0.20801980198019804","0.16841584158415843","0.20801980198019804","0.15851485148514852","0.16841584158415843","0.14861386138613863","0.01","0.11870588235294117","0.20801980198019804","0.16841584158415843","0.20801980198019804","0.15851485148514852","0.16841584158415843","0.14861386138613863","0.01","0.11870588235294117"
"3","0.5845882352941177","0.9175","0.7764516129032258","0.48347826086956525","0.8993220338983051","0.39593220338983054","0.175","0.17831683168316834","0.16841584158415843","0.19811881188118813","0.15851485148514852","0.15851485148514852","0.19811881188118813","0.01","0.06435294117647058","0.17831683168316834","0.16841584158415843","0.19811881188118813","0.15851485148514852","0.15851485148514852","0.19811881188118813","0.01","0.06435294117647058","0.17831683168316834","0.16841584158415843","0.19811881188118813","0.15851485148514852","0.15851485148514852","0.19811881188118813","0.01","0.06435294117647058","0.17831683168316834","0.16841584158415843","0.19811881188118813","0.15851485148514852","0.15851485148514852","0.19811881188118813","0.01","0.06435294117647058","0.17831683168316834","0.16841584158415843","0.19811881188118813","0.15851485148514852","0.15851485148514852","0.19811881188118813","0.01","0.06435294117647058","0.17831683168316834","0.16841584158415843","0.19811881188118813","0.15851485148514852","0.15851485148514852","0.19811881188118813","0.01","0.06435294117647058","0.17831683168316834","0.16841584158415843","0.19811881188118813","0.15851485148514852","0.15851485148514852","0.19811881188118813","0.01","0.06435294117647058","0.17831683168316834","0.16841584158415843","0.19811881188118813","0.15851485148514852","0.15851485148514852","0.19811881188118813","0.01","0.06435294117647058","0.17831683168316834","0.16841584158415843","0.19811881188118813","0.15851485148514852","0.15851485148514852","0.19811881188118813","0.01","0.06435294117647058","0.17831683168316834","0.16841584158415843","0.19811881188118813","0.15851485148514852","0.15851485148514852","0.19811881188118813","0.01","0.06435294117647058"
"3","0.33999999999999997","0.9175","0.7764516129032258","0.48347826086956525","0.8993220338983051","0.4966101694915255","0.175","0.17831683168316834","0.17831683168316834","0.18821782178217822","0.18821782178217822","0.12881188118811882","0.19811881188118813","0.01","0.04882352941176471","0.17831683168316834","0.17831683168316834","0.18821782178217822","0.18821782178217822","0.12881188118811882","0.19811881188118813","0.01","0.04882352941176471","0.17831683168316834","0.17831683168316834","0.18821782178217822","0.18821782178217822","0.12881188118811882","0.19811881188118813","0.01","0.04882352941176471","0.17831683168316834","0.17831683168316834","0.18821782178217822","0.18821782178217822","0.12881188118811882","0.19811881188118813","0.01","0.04882352941176471","0.17831683168316834","0.17831683168316834","0.18821782178217822","0.18821782178217822","0.12881188118811882","0.19811881188118813","0.01","0.04882352941176471","0.17831683168316834","0.17831683168316834","0.18821782178217822","0.18821782178217822","0.12881188118811882","0.19811881188118813","0.01","0.04882352941176471","0.17831683168316834","0.17831683168316834","0.18821782178217822","0.18821782178217822","0.12881188118811882","0.19811881188118813","0.01","0.04882352941176471","0.17831683168316834","0.17831683168316834","0.18821782178217822","0.18821782178217822","0.12881188118811882","0.19811881188118813","0.01","0.04882352941176471","0.17831683168316834","0.17831683168316834","0.18821782178217822","0.18821782178217822","0.12881188118811882","0.19811881188118813","0.01","0.04882352941176471","0.17831683168316834","0.17831683168316834","0.18821782178217822","0.18821782178217822","0.12881188118811882","0.19811881188118813","0.01","0.04882352941176471"
"3","0.6350588235294118","0.9175","0.7764516129032258","0.48347826086956525","0.8993220338983051","0.7147457627118644","0.175","0.20801980198019804","0.16841584158415843","0.20801980198019804","0.13871287128712873","0.13871287128712873","0.19811881188118813","0.01","0.12258823529411764","0.20801980198019804","0.16841584158415843","0.20801980198019804","0.13871287128712873","0.13871287128712873","0.19811881188118813","0.01","0.12258823529411764","0.20801980198019804","0.16841584158415843","0.20801980198019804","0.13871287128712873","0.13871287128712873","0.19811881188118813","0.01","0.12258823529411764","0.20801980198019804","0.16841584158415843","0.20801980198019804","0.13871287128712873","0.13871287128712873","0.19811881188118813","0.01","0.12258823529411764","0.20801980198019804","0.16841584158415843","0.20801980198019804","0.13871287128712873","0.13871287128712873","0.19811881188118813","0.01","0.12258823529411764","0.20801980198019804","0.16841584158415843","0.20801980198019804","0.13871287128712873","0.13871287128712873","0.19811881188118813","0.01","0.12258823529411764","0.20801980198019804","0.16841584158415843","0.20801980198019804","0.13871287128712873","0.13871287128712873","0.19811881188118813","0.01","0.12258823529411764","0.20801980198019804","0.16841584158415843","0.20801980198019804","0.13871287128712873","0.13871287128712873","0.19811881188118813","0.01","0.12258823529411764","0.20801980198019804","0.16841584158415843","0.20801980198019804","0.13871287128712873","0.13871287128712873","0.19811881188118813","0.01","0.12258823529411764","0.20801980198019804","0.16841584158415843","0.20801980198019804","0.13871287128712873","0.13871287128712873","0.19811881188118813","0.01","0.12258823529411764"
"3","0.35552941176470587","0.9175","0.7764516129032258","0.48347826086956525","0.8993220338983051","0.7818644067796611","0.175","0.13871287128712873","0.18821782178217822","0.1189108910891089","0.24762376237623762","0.15851485148514852","0.20801980198019804","0.01","0.10317647058823529","0.13871287128712873","0.18821782178217822","0.1189108910891089","0.24762376237623762","0.15851485148514852","0.20801980198019804","0.01","0.10317647058823529","0.13871287128712873","0.18821782178217822","0.1189108910891089","0.24762376237623762","0.15851485148514852","0.20801980198019804","0.01","0.10317647058823529","0.13871287128712873","0.18821782178217822","0.1189108910891089","0.24762376237623762","0.15851485148514852","0.20801980198019804","0.01","0.10317647058823529","0.13871287128712873","0.18821782178217822","0.1189108910891089","0.24762376237623762","0.15851485148514852","0.20801980198019804","0.01","0.10317647058823529","0.13871287128712873","0.18821782178217822","0.1189108910891089","0.24762376237623762","0.15851485148514852","0.20801980198019804","0.01","0.10317647058823529","0.13871287128712873","0.18821782178217822","0.1189108910891089","0.24762376237623762","0.15851485148514852","0.20801980198019804","0.01","0.10317647058823529","0.13871287128712873","0.18821782178217822","0.1189108910891089","0.24762376237623762","0.15851485148514852","0.20801980198019804","0.01","0.10317647058823529","0.13871287128712873","0.18821782178217822","0.1189108910891089","0.24762376237623762","0.15851485148514852","0.20801980198019804","0.01","0.10317647058823529","0.13871287128712873","0.18821782178217822","0.1189108910891089","0.24762376237623762","0.15851485148514852","0.20801980198019804","0.01","0.10317647058823529"
"3","0.3205882352941177","0.9175","0.7764516129032258","0.48347826086956525","0.8993220338983051","0.8322033898305085","0.175","0.13871287128712873","0.17831683168316834","0.20801980198019804","0.23772277227722774","0.17831683168316834","0.1189108910891089","0.01","0.05270588235294118","0.13871287128712873","0.17831683168316834","0.20801980198019804","0.23772277227722774","0.17831683168316834","0.1189108910891089","0.01","0.05270588235294118","0.13871287128712873","0.17831683168316834","0.20801980198019804","0.23772277227722774","0.17831683168316834","0.1189108910891089","0.01","0.05270588235294118","0.13871287128712873","0.17831683168316834","0.20801980198019804","0.23772277227722774","0.17831683168316834","0.1189108910891089","0.01","0.05270588235294118","0.13871287128712873","0.17831683168316834","0.20801980198019804","0.23772277227722774","0.17831683168316834","0.1189108910891089","0.01","0.05270588235294118","0.13871287128712873","0.17831683168316834","0.20801980198019804","0.23772277227722774","0.17831683168316834","0.1189108910891089","0.01","0.05270588235294118","0.13871287128712873","0.17831683168316834","0.20801980198019804","0.23772277227722774","0.17831683168316834","0.1189108910891089","0.01","0.05270588235294118","0.13871287128712873","0.17831683168316834","0.20801980198019804","0.23772277227722774","0.17831683168316834","0.1189108910891089","0.01","0.05270588235294118","0.13871287128712873","0.17831683168316834","0.20801980198019804","0.23772277227722774","0.17831683168316834","0.1189108910891089","0.01","0.05270588235294118","0.13871287128712873","0.17831683168316834","0.20801980198019804","0.23772277227722774","0.17831683168316834","0.1189108910891089","0.01","0.05270588235294118"
"3","0.6971764705882353","0.9175","0.7764516129032258","0.48347826086956525","0.8993220338983051","0.9161016949152543","0.175","0.15851485148514852","0.1189108910891089","0.17831683168316834","0.16841584158415843","0.20801980198019804","0.22782178217821783","0.01","0.12258823529411764","0.15851485148514852","0.1189108910891089","0.17831683168316834","0.16841584158415843","0.20801980198019804","0.22782178217821783","0.01","0.12258823529411764","0.15851485148514852","0.1189108910891089","0.17831683168316834","0.16841584158415843","0.20801980198019804","0.22782178217821783","0.01","0.12258823529411764","0.15851485148514852","0.1189108910891089","0.17831683168316834","0.16841584158415843","0.20801980198019804","0.22782178217821783","0.01","0.12258823529411764","0.15851485148514852","0.1189108910891089","0.17831683168316834","0.16841584158415843","0.20801980198019804","0.22782178217821783","0.01","0.12258823529411764","0.15851485148514852","0.1189108910891089","0.17831683168316834","0.16841584158415843","0.20801980198019804","0.22782178217821783","0.01","0.12258823529411764","0.15851485148514852","0.1189108910891089","0.17831683168316834","0.16841584158415843","0.20801980198019804","0.22782178217821783","0.01","0.12258823529411764","0.15851485148514852","0.1189108910891089","0.17831683168316834","0.16841584158415843","0.20801980198019804","0.22782178217821783","0.01","0.12258823529411764","0.15851485148514852","0.1189108910891089","0.17831683168316834","0.16841584158415843","0.20801980198019804","0.22782178217821783","0.01","0.12258823529411764","0.15851485148514852","0.1189108910891089","0.17831683168316834","0.16841584158415843","0.20801980198019804","0.22782178217821783","0.01","0.12258823529411764"
"3","0.6234117647058823","0.9175","0.7764516129032258","0.48347826086956525","0.9161016949152543","0.34559322033898304","0.175","0.15851485148514852","0.14861386138613863","0.16841584158415843","0.18821782178217822","0.16841584158415843","0.22782178217821783","0.01","0.05270588235294118","0.15851485148514852","0.14861386138613863","0.16841584158415843","0.18821782178217822","0.16841584158415843","0.22782178217821783","0.01","0.05270588235294118","0.15851485148514852","0.14861386138613863","0.16841584158415843","0.18821782178217822","0.16841584158415843","0.22782178217821783","0.01","0.05270588235294118","0.15851485148514852","0.14861386138613863","0.16841584158415843","0.18821782178217822","0.16841584158415843","0.22782178217821783","0.01","0.05270588235294118","0.15851485148514852","0.14861386138613863","0.16841584158415843","0.18821782178217822","0.16841584158415843","0.22782178217821783","0.01","0.05270588235294118","0.15851485148514852","0.14861386138613863","0.16841584158415843","0.18821782178217822","0.16841584158415843","0.22782178217821783","0.01","0.05270588235294118","0.15851485148514852","0.14861386138613863","0.16841584158415843","0.18821782178217822","0.16841584158415843","0.22782178217821783","0.01","0.05270588235294118","0.15851485148514852","0.14861386138613863","0.16841584158415843","0.18821782178217822","0.16841584158415843","0.22782178217821783","0.01","0.05270588235294118","0.15851485148514852","0.14861386138613863","0.16841584158415843","0.18821782178217822","0.16841584158415843","0.22782178217821783","0.01","0.05270588235294118","0.15851485148514852","0.14861386138613863","0.16841584158415843","0.18821782178217822","0.16841584158415843","0.22782178217821783","0.01","0.05270588235294118"
"9","0.6971764705882353","0.9175","0.7764516129032258","0.48347826086956525","0.9328813559322033","0.446271186440678","0.175","0.20801980198019804","0.15851485148514852","0.19811881188118813","0.15851485148514852","0.14861386138613863","0.18821782178217822","0.01","0.07211764705882352","0.20801980198019804","0.15851485148514852","0.19811881188118813","0.15851485148514852","0.14861386138613863","0.18821782178217822","0.01","0.07211764705882352","0.20801980198019804","0.15851485148514852","0.19811881188118813","0.15851485148514852","0.14861386138613863","0.18821782178217822","0.01","0.07211764705882352","0.20801980198019804","0.15851485148514852","0.19811881188118813","0.15851485148514852","0.14861386138613863","0.18821782178217822","0.01","0.07211764705882352","0.20801980198019804","0.15851485148514852","0.19811881188118813","0.15851485148514852","0.14861386138613863","0.18821782178217822","0.01","0.07211764705882352","0.20801980198019804","0.15851485148514852","0.19811881188118813","0.15851485148514852","0.14861386138613863","0.18821782178217822","0.01","0.07211764705882352","0.20801980198019804","0.15851485148514852","0.19811881188118813","0.15851485148514852","0.14861386138613863","0.18821782178217822","0.01","0.07211764705882352","0.20801980198019804","0.15851485148514852","0.19811881188118813","0.15851485148514852","0.14861386138613863","0.18821782178217822","0.01","0.07211764705882352","0.20801980198019804","0.15851485148514852","0.19811881188118813","0.15851485148514852","0.14861386138613863","0.18821782178217822","0.01","0.07211764705882352","0.20801980198019804","0.15851485148514852","0.19811881188118813","0.15851485148514852","0.14861386138613863","0.18821782178217822","0.01","0.07211764705882352"
"9","0.31670588235294117","0.9175","0.7764516129032258","0.48347826086956525","0.9328813559322033","0.7650847457627118","0.175","0.20801980198019804","0.14861386138613863","0.17831683168316834","0.21792079207920792","0.20801980198019804","0.0991089108910891","0.01","0.05658823529411765","0.20801980198019804","0.14861386138613863","0.17831683168316834","0.21792079207920792","0.20801980198019804","0.0991089108910891","0.01","0.05658823529411765","0.20801980198019804","0.14861386138613863","0.17831683168316834","0.21792079207920792","0.20801980198019804","0.0991089108910891","0.01","0.05658823529411765","0.20801980198019804","0.14861386138613863","0.17831683168316834","0.21792079207920792","0.20801980198019804","0.0991089108910891","0.01","0.05658823529411765","0.20801980198019804","0.14861386138613863","0.17831683168316834","0.21792079207920792","0.20801980198019804","0.0991089108910891","0.01","0.05658823529411765","0.20801980198019804","0.14861386138613863","0.17831683168316834","0.21792079207920792","0.20801980198019804","0.0991089108910891","0.01","0.05658823529411765","0.20801980198019804","0.14861386138613863","0.17831683168316834","0.21792079207920792","0.20801980198019804","0.0991089108910891","0.01","0.05658823529411765","0.20801980198019804","0.14861386138613863","0.17831683168316834","0.21792079207920792","0.20801980198019804","0.0991089108910891","0.01","0.05658823529411765","0.20801980198019804","0.14861386138613863","0.17831683168316834","0.21792079207920792","0.20801980198019804","0.0991089108910891","0.01","0.05658823529411765","0.20801980198019804","0.14861386138613863","0.17831683168316834","0.21792079207920792","0.20801980198019804","0.0991089108910891","0.01","0.05658823529411765"
"9","0.6078823529411764","0.9175","0.7764516129032258","0.48347826086956525","1.0","0.3791525423728814","0.175","0.16841584158415843","0.13871287128712873","0.15851485148514852","0.17831683168316834","0.24762376237623762","0.16841584158415843","0.01","0.06435294117647058","0.16841584158415843","0.13871287128712873","0.15851485148514852","0.17831683168316834","0.24762376237623762","0.16841584158415843","0.01","0.06435294117647058","0.16841584158415843","0.13871287128712873","0.15851485148514852","0.17831683168316834","0.24762376237623762","0.16841584158415843","0.01","0.06435294117647058","0.16841584158415843","0.13871287128712873","0.15851485148514852","0.17831683168316834","0.24762376237623762","0.16841584158415843","0.01","0.06435294117647058","0.16841584158415843","0.13871287128712873","0.15851485148514852","0.17831683168316834","0.24762376237623762","0.16841584158415843","0.01","0.06435294117647058","0.16841584158415843","0.13871287128712873","0.15851485148514852","0.17831683168316834","0.24762376237623762","0.16841584158415843","0.01","0.06435294117647058","0.16841584158415843","0.13871287128712873","0.15851485148514852","0.17831683168316834","0.24762376237623762","0.16841584158415843","0.01","0.06435294117647058","0.16841584158415843","0.13871287128712873","0.15851485148514852","0.17831683168316834","0.24762376237623762","0.16841584158415843","0.01","0.06435294117647058","0.16841584158415843","0.13871287128712873","0.15851485148514852","0.17831683168316834","0.24762376237623762","0.16841584158415843","0.01","0.06435294117647058","0.16841584158415843","0.13871287128712873","0.15851485148514852","0.17831683168316834","0.24762376237623762","0.16841584158415843","0.01","0.06435294117647058"
"6","0.6234117647058823","0.9175","0.7764516129032258","0.48347826086956525","1.0","0.5133898305084745","0.175","0.0991089108910891","0.18821782178217822","0.15851485148514852","0.20801980198019804","0.19811881188118813","0.20801980198019804","0.01","0.09929411764705881","0.0991089108910891","0.18821782178217822","0.15851485148514852","0.20801980198019804","0.19811881188118813","0.20801980198019804","0.01","0.09929411764705881","0.0991089108910891","0.18821782178217822","0.15851485148514852","0.20801980198019804","0.19811881188118813","0.20801980198019804","0.01","0.09929411764705881","0.0991089108910891","0.18821782178217822","0.15851485148514852","0.20801980198019804","0.19811881188118813","0.20801980198019804","0.01","0.09929411764705881","0.0991089108910891","0.18821782178217822","0.15851485148514852","0.20801980198019804","0.19811881188118813","0.20801980198019804","0.01","0.09929411764705881","0.0991089108910891","0.18821782178217822","0.15851485148514852","0.20801980198019804","0.19811881188118813","0.20801980198019804","0.01","0.09929411764705881","0.0991089108910891","0.18821782178217822","0.15851485148514852","0.20801980198019804","0.19811881188118813","0.20801980198019804","0.01","0.09929411764705881","0.0991089108910891","0.18821782178217822","0.15851485148514852","0.20801980198019804","0.19811881188118813","0.20801980198019804","0.01","0.09929411764705881","0.0991089108910891","0.18821782178217822","0.15851485148514852","0.20801980198019804","0.19811881188118813","0.20801980198019804","0.01","0.09929411764705881","0.0991089108910891","0.18821782178217822","0.15851485148514852","0.20801980198019804","0.19811881188118813","0.20801980198019804","0.01","0.09929411764705881"
"6","0.49917647058823533","0.9175","0.7764516129032258","0.48347826086956525","1.0","0.6476271186440677","0.175","0.13871287128712873","0.19811881188118813","0.18821782178217822","0.23772277227722774","0.12881188118811882","0.16841584158415843","0.01","0.12258823529411764","0.13871287128712873","0.19811881188118813","0.18821782178217822","0.23772277227722774","0.12881188118811882","0.16841584158415843","0.01","0.12258823529411764","0.13871287128712873","0.19811881188118813","0.18821782178217822","0.23772277227722774","0.12881188118811882","0.16841584158415843","0.01","0.12258823529411764","0.13871287128712873","0.19811881188118813","0.18821782178217822","0.23772277227722774","0.12881188118811882","0.16841584158415843","0.01","0.12258823529411764","0.13871287128712873","0.19811881188118813","0.18821782178217822","0.23772277227722774","0.12881188118811882","0.16841584158415843","0.01","0.12258823529411764","0.13871287128712873","0.19811881188118813","0.18821782178217822","0.23772277227722774","0.12881188118811882","0.16841584158415843","0.01","0.12258823529411764","0.13871287128712873","0.19811881188118813","0.18821782178217822","0.23772277227722774","0.12881188118811882","0.16841584158415843","0.01","0.12258823529411764","0.13871287128712873","0.19811881188118813","0.18821782178217822","0.23772277227722774","0.12881188118811882","0.16841584158415843","0.01","0.12258823529411764","0.13871287128712873","0.19811881188118813","0.18821782178217822","0.23772277227722774","0.12881188118811882","0.16841584158415843","0.01","0.12258823529411764","0.13871287128712873","0.19811881188118813","0.18821782178217822","0.23772277227722774","0.12881188118811882","0.16841584158415843","0.01","0.12258823529411764"
"6","0.6971764705882353","0.9175","0.7764516129032258","0.48347826086956525","1.0","0.6979661016949152","0.175","0.14861386138613863","0.19811881188118813","0.23772277227722774","0.23772277227722774","0.1189108910891089","0.1189108910891089","0.01","0.12258823529411764","0.14861386138613863","0.19811881188118813","0.23772277227722774","0.23772277227722774","0.1189108910891089","0.1189108910891089","0.01","0.12258823529411764","0.14861386138613863","0.19811881188118813","0.23772277227722774","0.23772277227722774","0.1189108910891089","0.1189108910891089","0.01","0.12258823529411764","0.14861386138613863","0.19811881188118813","0.23772277227722774","0.23772277227722774","0.1189108910891089","0.1189108910891089","0.01","0.12258823529411764","0.14861386138613863","0.19811881188118813","0.23772277227722774","0.23772277227722774","0.1189108910891089","0.1189108910891089","0.01","0.12258823529411764","0.14861386138613863","0.19811881188118813","0.23772277227722774","0.23772277227722774","0.1189108910891089","0.1189108910891089","0.01","0.12258823529411764","0.14861386138613863","0.19811881188118813","0.23772277227722774","0.23772277227722774","0.1189108910891089","0.1189108910891089","0.01","0.12258823529411764","0.14861386138613863","0.19811881188118813","0.23772277227722774","0.23772277227722774","0.1189108910891089","0.1189108910891089","0.01","0.12258823529411764","0.14861386138613863","0.19811881188118813","0.23772277227722774","0.23772277227722774","0.1189108910891089","0.1189108910891089","0.01","0.12258823529411764","0.14861386138613863","0.19811881188118813","0.23772277227722774","0.23772277227722774","0.1189108910891089","0.1189108910891089","0.01","0.12258823529411764"
"6","0.6894117647058824","0.9175","0.7764516129032258","0.48347826086956525","1.0","0.7483050847457627","0.175","0.24762376237623762","0.21792079207920792","0.15851485148514852","0.17831683168316834","0.1189108910891089","0.13871287128712873","0.01","0.07988235294117646","0.24762376237623762","0.21792079207920792","0.15851485148514852","0.17831683168316834","0.1189108910891089","0.13871287128712873","0.01","0.07988235294117646","0.24762376237623762","0.21792079207920792","0.15851485148514852","0.17831683168316834","0.1189108910891089","0.13871287128712873","0.01","0.07988235294117646","0.24762376237623762","0.21792079207920792","0.15851485148514852","0.17831683168316834","0.1189108910891089","0.13871287128712873","0.01","0.07988235294117646","0.24762376237623762","0.21792079207920792","0.15851485148514852","0.17831683168316834","0.1189108910891089","0.13871287128712873","0.01","0.07988235294117646","0.24762376237623762","0.21792079207920792","0.15851485148514852","0.17831683168316834","0.1189108910891089","0.13871287128712873","0.01","0.07988235294117646","0.24762376237623762","0.21792079207920792","0.15851485148514852","0.17831683168316834","0.1189108910891089","0.13871287128712873","0.01","0.07988235294117646","0.24762376237623762","0.21792079207920792","0.15851485148514852","0.17831683168316834","0.1189108910891089","0.13871287128712873","0.01","0.07988235294117646","0.24762376237623762","0.21792079207920792","0.15851485148514852","0.17831683168316834","0.1189108910891089","0.13871287128712873","0.01","0.07988235294117646","0.24762376237623762","0.21792079207920792","0.15851485148514852","0.17831683168316834","0.1189108910891089","0.13871287128712873","0.01","0.07988235294117646"
"6","0.5651764705882353","0.9175","0.7764516129032258","0.48347826086956525","1.0","0.9328813559322033","0.175","0.16841584158415843","0.17831683168316834","0.1189108910891089","0.20801980198019804","0.20801980198019804","0.17831683168316834","0.01","0.05270588235294118","0.16841584158415843","0.17831683168316834","0.1189108910891089","0.20801980198019804","0.20801980198019804","0.17831683168316834","0.01","0.05270588235294118","0.16841584158415843","0.17831683168316834","0.1189108910891089","0.20801980198019804","0.20801980198019804","0.17831683168316834","0.01","0.05270588235294118","0.16841584158415843","0.17831683168316834","0.1189108910891089","0.20801980198019804","0.20801980198019804","0.17831683168316834","0.01","0.05270588235294118","0.16841584158415843","0.17831683168316834","0.1189108910891089","0.20801980198019804","0.20801980198019804","0.17831683168316834","0.01","0.05270588235294118","0.16841584158415843","0.17831683168316834","0.1189108910891089","0.20801980198019804","0.20801980198019804","0.17831683168316834","0.01","0.05270588235294118","0.16841584158415843","0.17831683168316834","0.1189108910891089","0.20801980198019804","0.20801980198019804","0.17831683168316834","0.01","0.05270588235294118","0.16841584158415843","0.17831683168316834","0.1189108910891089","0.20801980198019804","0.20801980198019804","0.17831683168316834","0.01","0.05270588235294118","0.16841584158415843","0.17831683168316834","0.1189108910891089","0.20801980198019804","0.20801980198019804","0.17831683168316834","0.01","0.05270588235294118","0.16841584158415843","0.17831683168316834","0.1189108910891089","0.20801980198019804","0.20801980198019804","0.17831683168316834","0.01","0.05270588235294118"
"1","0.6777647058823529","0.9175","0.7764516129032258","0.48347826086956525","1.0","1.0","0.175","0.19811881188118813","0.1189108910891089","0.19811881188118813","0.22782178217821783","0.13871287128712873","0.17831683168316834","0.01","0.060470588235294116","0.19811881188118813","0.1189108910891089","0.19811881188118813","0.22782178217821783","0.13871287128712873","0.17831683168316834","0.01","0.060470588235294116","0.19811881188118813","0.1189108910891089","0.19811881188118813","0.22782178217821783","0.13871287128712873","0.17831683168316834","0.01","0.060470588235294116","0.19811881188118813","0.1189108910891089","0.19811881188118813","0.22782178217821783","0.13871287128712873","0.17831683168316834","0.01","0.060470588235294116","0.19811881188118813","0.1189108910891089","0.19811881188118813","0.22782178217821783","0.13871287128712873","0.17831683168316834","0.01","0.060470588235294116","0.19811881188118813","0.1189108910891089","0.19811881188118813","0.22782178217821783","0.13871287128712873","0.17831683168316834","0.01","0.060470588235294116","0.19811881188118813","0.1189108910891089","0.19811881188118813","0.22782178217821783","0.13871287128712873","0.17831683168316834","0.01","0.060470588235294116","0.19811881188118813","0.1189108910891089","0.19811881188118813","0.22782178217821783","0.13871287128712873","0.17831683168316834","0.01","0.060470588235294116","0.19811881188118813","0.1189108910891089","0.19811881188118813","0.22782178217821783","0.13871287128712873","0.17831683168316834","0.01","0.060470588235294116","0.19811881188118813","0.1189108910891089","0.19811881188118813","0.22782178217821783","0.13871287128712873","0.17831683168316834","0.01","0.060470588235294116"
"6","0.6699999999999999","0.9175","0.7764516129032258","0.5265217391304348","0.01","0.1945762711864407","0.175","0.18821782178217822","0.15851485148514852","0.19811881188118813","0.12881188118811882","0.23772277227722774","0.14861386138613863","0.01","0.05270588235294118","0.18821782178217822","0.15851485148514852","0.19811881188118813","0.12881188118811882","0.23772277227722774","0.14861386138613863","0.01","0.05270588235294118","0.18821782178217822","0.15851485148514852","0.19811881188118813","0.12881188118811882","0.23772277227722774","0.14861386138613863","0.01","0.05270588235294118","0.18821782178217822","0.15851485148514852","0.19811881188118813","0.12881188118811882","0.23772277227722774","0.14861386138613863","0.01","0.05270588235294118","0.18821782178217822","0.15851485148514852","0.19811881188118813","0.12881188118811882","0.23772277227722774","0.14861386138613863","0.01","0.05270588235294118","0.18821782178217822","0.15851485148514852","0.19811881188118813","0.12881188118811882","0.23772277227722774","0.14861386138613863","0.01","0.05270588235294118","0.18821782178217822","0.15851485148514852","0.19811881188118813","0.12881188118811882","0.23772277227722774","0.14861386138613863","0.01","0.05270588235294118","0.18821782178217822","0.15851485148514852","0.19811881188118813","0.12881188118811882","0.23772277227722774","0.14861386138613863","0.01","0.05270588235294118","0.18821782178217822","0.15851485148514852","0.19811881188118813","0.12881188118811882","0.23772277227722774","0.14861386138613863","0.01","0.05270588235294118","0.18821782178217822","0.15851485148514852","0.19811881188118813","0.12881188118811882","0.23772277227722774","0.14861386138613863","0.01","0.05270588235294118"
"1","0.3089411764705882","0.9175","0.7764516129032258","0.5265217391304348","0.01","0.26169491525423727","0.175","0.20801980198019804","0.20801980198019804","0.16841584158415843","0.21792079207920792","0.1189108910891089","0.13871287128712873","0.01","0.060470588235294116","0.20801980198019804","0.20801980198019804","0.16841584158415843","0.21792079207920792","0.1189108910891089","0.13871287128712873","0.01","0.060470588235294116","0.20801980198019804","0.20801980198019804","0.16841584158415843","0.21792079207920792","0.1189108910891089","0.13871287128712873","0.01","0.060470588235294116","0.20801980198019804","0.20801980198019804","0.16841584158415843","0.21792079207920792","0.1189108910891089","0.13871287128712873","0.01","0.060470588235294116","0.20801980198019804","0.20801980198019804","0.16841584158415843","0.21792079207920792","0.1189108910891089","0.13871287128712873","0.01","0.060470588235294116","0.20801980198019804","0.20801980198019804","0.16841584158415843","0.21792079207920792","0.1189108910891089","0.13871287128712873","0.01","0.060470588235294116","0.20801980198019804","0.20801980198019804","0.16841584158415843","0.21792079207920792","0.1189108910891089","0.13871287128712873","0.01","0.060470588235294116","0.20801980198019804","0.20801980198019804","0.16841584158415843","0.21792079207920792","0.1189108910891089","0.13871287128712873","0.01","0.060470588235294116","0.20801980198019804","0.20801980198019804","0.16841584158415843","0.21792079207920792","0.1189108910891089","0.13871287128712873","0.01","0.060470588235294116","0.20801980198019804","0.20801980198019804","0.16841584158415843","0.21792079207920792","0.1189108910891089","0.13871287128712873","0.01","0.060470588235294116"
"1","0.47200000000000003","0.9175","0.7764516129032258","0.5265217391304348","0.01","0.31203389830508477","0.175","0.19811881188118813","0.14861386138613863","0.15851485148514852","0.17831683168316834","0.13871287128712873","0.23772277227722774","0.01","0.06435294117647058","0.19811881188118813","0.14861386138613863","0.15851485148514852","0.17831683168316834","0.13871287128712873","0.23772277227722774","0.01","0.06435294117647058","0.19811881188118813","0.14861386138613863","0.15851485148514852","0.17831683168316834","0.13871287128712873","0.23772277227722774","0.01","0.06435294117647058","0.19811881188118813","0.14861386138613863","0.15851485148514852","0.17831683168316834","0.13871287128712873","0.23772277227722774","0.01","0.06435294117647058","0.19811881188118813","0.14861386138613863","0.15851485148514852","0.17831683168316834","0.13871287128712873","0.23772277227722774","0.01","0.06435294117647058","0.19811881188118813","0.14861386138613863","0.15851485148514852","0.17831683168316834","0.13871287128712873","0.23772277227722774","0.01","0.06435294117647058","0.19811881188118813","0.14861386138613863","0.15851485148514852","0.17831683168316834","0.13871287128712873","0.23772277227722774","0.01","0.06435294117647058","0.19811881188118813","0.14861386138613863","0.15851485148514852","0.17831683168316834","0.13871287128712873","0.23772277227722774","0.01","0.06435294117647058","0.19811881188118813","0.14861386138613863","0.15851485148514852","0.17831683168316834","0.13871287128712873","0.23772277227722774","0.01","0.06435294117647058","0.19811881188118813","0.14861386138613863","0.15851485148514852","0.17831683168316834","0.13871287128712873","0.23772277227722774","0.01","0.06435294117647058"
"1","0.5923529411764706","0.9175","0.7764516129032258","0.5265217391304348","0.01","0.3623728813559322","0.175","0.14861386138613863","0.18821782178217822","0.16841584158415843","0.20801980198019804","0.18821782178217822","0.15851485148514852","0.01","0.11870588235294117","0.14861386138613863","0.18821782178217822","0.16841584158415843","0.20801980198019804","0.18821782178217822","0.15851485148514852","0.01","0.11870588235294117","0.14861386138613863","0.18821782178217822","0.16841584158415843","0.20801980198019804","0.18821782178217822","0.15851485148514852","0.01","0.11870588235294117","0.14861386138613863","0.18821782178217822","0.16841584158415843","0.20801980198019804","0.18821782178217822","0.15851485148514852","0.01","0.11870588235294117","0.14861386138613863","0.18821782178217822","0.16841584158415843","0.20801980198019804","0.18821782178217822","0.15851485148514852","0.01","0.11870588235294117","0.14861386138613863","0.18821782178217822","0.16841584158415843","0.20801980198019804","0.18821782178217822","0.15851485148514852","0.01","0.11870588235294117","0.14861386138613863","0.18821782178217822","0.16841584158415843","0.20801980198019804","0.18821782178217822","0.15851485148514852","0.01","0.11870588235294117","0.14861386138613863","0.18821782178217822","0.16841584158415843","0.20801980198019804","0.18821782178217822","0.15851485148514852","0.01","0.11870588235294117","0.14861386138613863","0.18821782178217822","0.16841584158415843","0.20801980198019804","0.18821782178217822","0.15851485148514852","0.01","0.11870588235294117","0.14861386138613863","0.18821782178217822","0.16841584158415843","0.20801980198019804","0.18821782178217822","0.15851485148514852","0.01","0.11870588235294117"
"9","0.6078823529411764","0.9175","0.7764516129032258","0.5265217391304348","0.01","0.4127118644067797","0.175","0.13871287128712873","0.13871287128712873","0.23772277227722774","0.16841584158415843","0.16841584158415843","0.20801980198019804","0.01","0.060470588235294116","0.13871287128712873","0.13871287128712873","0.23772277227722774","0.16841584158415843","0.16841584158415843","0.20801980198019804","0.01","0.060470588235294116","0.13871287128712873","0.13871287128712873","0.23772277227722774","0.16841584158415843","0.16841584158415843","0.20801980198019804","0.01","0.060470588235294116","0.13871287128712873","0.13871287128712873","0.23772277227722774","0.16841584158415843","0.16841584158415843","0.20801980198019804","0.01","0.060470588235294116","0.13871287128712873","0.13871287128712873","0.23772277227722774","0.16841584158415843","0.16841584158415843","0.20801980198019804","0.01","0.060470588235294116","0.13871287128712873","0.13871287128712873","0.23772277227722774","0.16841584158415843","0.16841584158415843","0.20801980198019804","0.01","0.060470588235294116","0.13871287128712873","0.13871287128712873","0.23772277227722774","0.16841584158415843","0.16841584158415843","0.20801980198019804","0.01","0.060470588235294116","0.13871287128712873","0.13871287128712873","0.23772277227722774","0.16841584158415843","0.16841584158415843","0.20801980198019804","0.01","0.060470588235294116","0.13871287128712873","0.13871287128712873","0.23772277227722774","0.16841584158415843","0.16841584158415843","0.20801980198019804","0.01","0.060470588235294116","0.13871287128712873","0.13871287128712873","0.23772277227722774","0.16841584158415843","0.16841584158415843","0.20801980198019804","0.01","0.060470588235294116"
"6","0.5845882352941177","0.9175","0.7764516129032258","0.5265217391304348","0.01","0.46305084745762715","0.175","0.22782178217821783","0.23772277227722774","0.19811881188118813","0.12881188118811882","0.14861386138613863","0.1189108910891089","0.01","0.05658823529411765","0.22782178217821783","0.23772277227722774","0.19811881188118813","0.12881188118811882","0.14861386138613863","0.1189108910891089","0.01","0.05658823529411765","0.22782178217821783","0.23772277227722774","0.19811881188118813","0.12881188118811882","0.14861386138613863","0.1189108910891089","0.01","0.05658823529411765","0.22782178217821783","0.23772277227722774","0.19811881188118813","0.12881188118811882","0.14861386138613863","0.1189108910891089","0.01","0.05658823529411765","0.22782178217821783","0.23772277227722774","0.19811881188118813","0.12881188118811882","0.14861386138613863","0.1189108910891089","0.01","0.05658823529411765","0.22782178217821783","0.23772277227722774","0.19811881188118813","0.12881188118811882","0.14861386138613863","0.1189108910891089","0.01","0.05658823529411765","0.22782178217821783","0.23772277227722774","0.19811881188118813","0.12881188118811882","0.14861386138613863","0.1189108910891089","0.01","0.05658823529411765","0.22782178217821783","0.23772277227722774","0.19811881188118813","0.12881188118811882","0.14861386138613863","0.1189108910891089","0.01","0.05658823529411765","0.22782178217821783","0.23772277227722774","0.19811881188118813","0.12881188118811882","0.14861386138613863","0.1189108910891089","0.01","0.05658823529411765","0.22782178217821783","0.23772277227722774","0.19811881188118813","0.12881188118811882","0.14861386138613863","0.1189108910891089","0.01","0.05658823529411765"
"9","0.39435294117647063","0.9175","0.7764516129032258","0.5265217391304348","0.01","0.5301694915254238","0.175","0.25752475247524753","0.13871287128712873","0.15851485148514852","0.20801980198019804","0.14861386138613863","0.14861386138613863","0.01","0.09929411764705881","0.25752475247524753","0.13871287128712873","0.15851485148514852","0.20801980198019804","0.14861386138613863","0.14861386138613863","0.01","0.09929411764705881","0.25752475247524753","0.13871287128712873","0.15851485148514852","0.20801980198019804","0.14861386138613863","0.14861386138613863","0.01","0.09929411764705881","0.25752475247524753","0.13871287128712873","0.15851485148514852","0.20801980198019804","0.14861386138613863","0.14861386138613863","0.01","0.09929411764705881","0.25752475247524753","0.13871287128712873","0.15851485148514852","0.20801980198019804","0.14861386138613863","0.14861386138613863","0.01","0.09929411764705881","0.25752475247524753","0.13871287128712873","0.15851485148514852","0.20801980198019804","0.14861386138613863","0.14861386138613863","0.01","0.09929411764705881","0.25752475247524753","0.13871287128712873","0.15851485148514852","0.20801980198019804","0.14861386138613863","0.14861386138613863","0.01","0.09929411764705881","0.25752475247524753","0.13871287128712873","0.15851485148514852","0.20801980198019804","0.14861386138613863","0.14861386138613863","0.01","0.09929411764705881","0.25752475247524753","0.13871287128712873","0.15851485148514852","0.20801980198019804","0.14861386138613863","0.14861386138613863","0.01","0.09929411764705881","0.25752475247524753","0.13871287128712873","0.15851485148514852","0.20801980198019804","0.14861386138613863","0.14861386138613863","0.01","0.09929411764705881"
"9","0.6389411764705882","0.9175","0.7764516129032258","0.5265217391304348","0.14423728813559322","0.8657627118644068","0.175","0.21792079207920792","0.21792079207920792","0.0991089108910891","0.26742574257425744","0.16841584158415843","0.0892079207920792","0.01","0.11870588235294117","0.21792079207920792","0.21792079207920792","0.0991089108910891","0.26742574257425744","0.16841584158415843","0.0892079207920792","0.01","0.11870588235294117","0.21792079207920792","0.21792079207920792","0.0991089108910891","0.26742574257425744","0.16841584158415843","0.0892079207920792","0.01","0.11870588235294117","0.21792079207920792","0.21792079207920792","0.0991089108910891","0.26742574257425744","0.16841584158415843","0.0892079207920792","0.01","0.11870588235294117","0.21792079207920792","0.21792079207920792","0.0991089108910891","0.26742574257425744","0.16841584158415843","0.0892079207920792","0.01","0.11870588235294117","0.21792079207920792","0.21792079207920792","0.0991089108910891","0.26742574257425744","0.16841584158415843","0.0892079207920792","0.01","0.11870588235294117","0.21792079207920792","0.21792079207920792","0.0991089108910891","0.26742574257425744","0.16841584158415843","0.0892079207920792","0.01","0.11870588235294117","0.21792079207920792","0.21792079207920792","0.0991089108910891","0.26742574257425744","0.16841584158415843","0.0892079207920792","0.01","0.11870588235294117","0.21792079207920792","0.21792079207920792","0.0991089108910891","0.26742574257425744","0.16841584158415843","0.0892079207920792","0.01","0.11870588235294117","0.21792079207920792","0.21792079207920792","0.0991089108910891","0.26742574257425744","0.16841584158415843","0.0892079207920792","0.01","0.11870588235294117"
"6","0.5923529411764706","0.9175","0.7764516129032258","0.5265217391304348","0.14423728813559322","1.0","0.175","0.17831683168316834","0.20801980198019804","0.13871287128712873","0.13871287128712873","0.24762376237623762","0.14861386138613863","0.01","0.07211764705882352","0.17831683168316834","0.20801980198019804","0.13871287128712873","0.13871287128712873","0.24762376237623762","0.14861386138613863","0.01","0.07211764705882352","0.17831683168316834","0.20801980198019804","0.13871287128712873","0.13871287128712873","0.24762376237623762","0.14861386138613863","0.01","0.07211764705882352","0.17831683168316834","0.20801980198019804","0.13871287128712873","0.13871287128712873","0.24762376237623762","0.14861386138613863","0.01","0.07211764705882352","0.17831683168316834","0.20801980198019804","0.13871287128712873","0.13871287128712873","0.24762376237623762","0.14861386138613863","0.01","0.07211764705882352","0.17831683168316834","0.20801980198019804","0.13871287128712873","0.13871287128712873","0.24762376237623762","0.14861386138613863","0.01","0.07211764705882352","0.17831683168316834","0.20801980198019804","0.13871287128712873","0.13871287128712873","0.24762376237623762","0.14861386138613863","0.01","0.07211764705882352","0.17831683168316834","0.20801980198019804","0.13871287128712873","0.13871287128712873","0.24762376237623762","0.14861386138613863","0.01","0.07211764705882352","0.17831683168316834","0.20801980198019804","0.13871287128712873","0.13871287128712873","0.24762376237623762","0.14861386138613863","0.01","0.07211764705882352","0.17831683168316834","0.20801980198019804","0.13871287128712873","0.13871287128712873","0.24762376237623762","0.14861386138613863","0.01","0.07211764705882352"
"0","0.6467058823529412","0.9175","0.7764516129032258","0.5265217391304348","0.17779661016949153","0.983220338983051","0.175","0.18821782178217822","0.14861386138613863","0.13871287128712873","0.23772277227722774","0.22782178217821783","0.1189108910891089","0.01","0.1148235294117647","0.18821782178217822","0.14861386138613863","0.13871287128712873","0.23772277227722774","0.22782178217821783","0.1189108910891089","0.01","0.1148235294117647","0.18821782178217822","0.14861386138613863","0.13871287128712873","0.23772277227722774","0.22782178217821783","0.1189108910891089","0.01","0.1148235294117647","0.18821782178217822","0.14861386138613863","0.13871287128712873","0.23772277227722774","0.22782178217821783","0.1189108910891089","0.01","0.1148235294117647","0.18821782178217822","0.14861386138613863","0.13871287128712873","0.23772277227722774","0.22782178217821783","0.1189108910891089","0.01","0.1148235294117647","0.18821782178217822","0.14861386138613863","0.13871287128712873","0.23772277227722774","0.22782178217821783","0.1189108910891089","0.01","0.1148235294117647","0.18821782178217822","0.14861386138613863","0.13871287128712873","0.23772277227722774","0.22782178217821783","0.1189108910891089","0.01","0.1148235294117647","0.18821782178217822","0.14861386138613863","0.13871287128712873","0.23772277227722774","0.22782178217821783","0.1189108910891089","0.01","0.1148235294117647","0.18821782178217822","0.14861386138613863","0.13871287128712873","0.23772277227722774","0.22782178217821783","0.1189108910891089","0.01","0.1148235294117647","0.18821782178217822","0.14861386138613863","0.13871287128712873","0.23772277227722774","0.22782178217821783","0.1189108910891089","0.01","0.1148235294117647"
"0","0.5962352941176471","0.9175","0.7764516129032258","0.5265217391304348","0.1945762711864407","0.39593220338983054","0.175","0.20801980198019804","0.14861386138613863","0.17831683168316834","0.19811881188118813","0.15851485148514852","0.16841584158415843","0.01","0.04882352941176471","0.20801980198019804","0.14861386138613863","0.17831683168316834","0.19811881188118813","0.15851485148514852","0.16841584158415843","0.01","0.04882352941176471","0.20801980198019804","0.14861386138613863","0.17831683168316834","0.19811881188118813","0.15851485148514852","0.16841584158415843","0.01","0.04882352941176471","0.20801980198019804","0.14861386138613863","0.17831683168316834","0.19811881188118813","0.15851485148514852","0.16841584158415843","0.01","0.04882352941176471","0.20801980198019804","0.14861386138613863","0.17831683168316834","0.19811881188118813","0.15851485148514852","0.16841584158415843","0.01","0.04882352941176471","0.20801980198019804","0.14861386138613863","0.17831683168316834","0.19811881188118813","0.15851485148514852","0.16841584158415843","0.01","0.04882352941176471","0.20801980198019804","0.14861386138613863","0.17831683168316834","0.19811881188118813","0.15851485148514852","0.16841584158415843","0.01","0.04882352941176471","0.20801980198019804","0.14861386138613863","0.17831683168316834","0.19811881188118813","0.15851485148514852","0.16841584158415843","0.01","0.04882352941176471","0.20801980198019804","0.14861386138613863","0.17831683168316834","0.19811881188118813","0.15851485148514852","0.16841584158415843","0.01","0.04882352941176471","0.20801980198019804","0.14861386138613863","0.17831683168316834","0.19811881188118813","0.15851485148514852","0.16841584158415843","0.01","0.04882352941176471"
"0","0.5263529411764706","0.9175","0.7764516129032258","0.5265217391304348","0.1945762711864407","0.8154237288135594","0.175","0.19811881188118813","0.17831683168316834","0.20801980198019804","0.17831683168316834","0.14861386138613863","0.14861386138613863","0.01","0.05658823529411765","0.19811881188118813","0.17831683168316834","0.20801980198019804","0.17831683168316834","0.14861386138613863","0.14861386138613863","0.01","0.05658823529411765","0.19811881188118813","0.17831683168316834","0.20801980198019804","0.17831683168316834","0.14861386138613863","0.14861386138613863","0.01","0.05658823529411765","0.19811881188118813","0.17831683168316834","0.20801980198019804","0.17831683168316834","0.14861386138613863","0.14861386138613863","0.01","0.05658823529411765","0.19811881188118813","0.17831683168316834","0.20801980198019804","0.17831683168316834","0.14861386138613863","0.14861386138613863","0.01","0.05658823529411765","0.19811881188118813","0.17831683168316834","0.20801980198019804","0.17831683168316834","0.14861386138613863","0.14861386138613863","0.01","0.05658823529411765","0.19811881188118813","0.17831683168316834","0.20801980198019804","0.17831683168316834","0.14861386138613863","0.14861386138613863","0.01","0.05658823529411765","0.19811881188118813","0.17831683168316834","0.20801980198019804","0.17831683168316834","0.14861386138613863","0.14861386138613863","0.01","0.05658823529411765","0.19811881188118813","0.17831683168316834","0.20801980198019804","0.17831683168316834","0.14861386138613863","0.14861386138613863","0.01","0.05658823529411765","0.19811881188118813","0.17831683168316834","0.20801980198019804","0.17831683168316834","0.14861386138613863","0.14861386138613863","0.01","0.05658823529411765"
"3","0.4098823529411765","0.9175","0.7764516129032258","0.5265217391304348","0.24491525423728816","0.6140677966101695","0.175","0.07930693069306931","0.21792079207920792","0.20801980198019804","0.23772277227722774","0.18821782178217822","0.12881188118811882","0.01","0.05270588235294118","0.07930693069306931","0.21792079207920792","0.20801980198019804","0.23772277227722774","0.18821782178217822","0.12881188118811882","0.01","0.05270588235294118","0.07930693069306931","0.21792079207920792","0.20801980198019804","0.23772277227722774","0.18821782178217822","0.12881188118811882","0.01","0.05270588235294118","0.07930693069306931","0.21792079207920792","0.20801980198019804","0.23772277227722774","0.18821782178217822","0.12881188118811882","0.01","0.05270588235294118","0.07930693069306931","0.21792079207920792","0.20801980198019804","0.23772277227722774","0.18821782178217822","0.12881188118811882","0.01","0.05270588235294118","0.07930693069306931","0.21792079207920792","0.20801980198019804","0.23772277227722774","0.18821782178217822","0.12881188118811882","0.01","0.05270588235294118","0.07930693069306931","0.21792079207920792","0.20801980198019804","0.23772277227722774","0.18821782178217822","0.12881188118811882","0.01","0.05270588235294118","0.07930693069306931","0.21792079207920792","0.20801980198019804","0.23772277227722774","0.18821782178217822","0.12881188118811882","0.01","0.05270588235294118","0.07930693069306931","0.21792079207920792","0.20801980198019804","0.23772277227722774","0.18821782178217822","0.12881188118811882","0.01","0.05270588235294118","0.07930693069306931","0.21792079207920792","0.20801980198019804","0.23772277227722774","0.18821782178217822","0.12881188118811882","0.01","0.05270588235294118"
"2","0.662235294117647","0.9175","0.7764516129032258","0.5265217391304348","0.26169491525423727","0.060338983050847464","0.175","0.12881188118811882","0.18821782178217822","0.23772277227722774","0.1189108910891089","0.16841584158415843","0.21792079207920792","0.01","0.1148235294117647","0.12881188118811882","0.18821782178217822","0.23772277227722774","0.1189108910891089","0.16841584158415843","0.21792079207920792","0.01","0.1148235294117647","0.12881188118811882","0.18821782178217822","0.23772277227722774","0.1189108910891089","0.16841584158415843","0.21792079207920792","0.01","0.1148235294117647","0.12881188118811882","0.18821782178217822","0.23772277227722774","0.1189108910891089","0.16841584158415843","0.21792079207920792","0.01","0.1148235294117647","0.12881188118811882","0.18821782178217822","0.23772277227722774","0.1189108910891089","0.16841584158415843","0.21792079207920792","0.01","0.1148235294117647","0.12881188118811882","0.18821782178217822","0.23772277227722774","0.1189108910891089","0.16841584158415843","0.21792079207920792","0.01","0.1148235294117647","0.12881188118811882","0.18821782178217822","0.23772277227722774","0.1189108910891089","0.16841584158415843","0.21792079207920792","0.01","0.1148235294117647","0.12881188118811882","0.18821782178217822","0.23772277227722774","0.1189108910891089","0.16841584158415843","0.21792079207920792","0.01","0.1148235294117647","0.12881188118811882","0.18821782178217822","0.23772277227722774","0.1189108910891089","0.16841584158415843","0.21792079207920792","0.01","0.1148235294117647","0.12881188118811882","0.18821782178217822","0.23772277227722774","0.1189108910891089","0.16841584158415843","0.21792079207920792","0.01","0.1148235294117647"
"4","0.3205882352941177","0.9175","0.7764516129032258","0.5265217391304348","0.46305084745762715","0.9496610169491526","0.175","0.21792079207920792","0.16841584158415843","0.15851485148514852","0.17831683168316834","0.19811881188118813","0.13871287128712873","0.01","0.10705882352941176","0.21792079207920792","0.16841584158415843","0.15851485148514852","0.17831683168316834","0.19811881188118813","0.13871287128712873","0.01","0.10705882352941176","0.21792079207920792","0.16841584158415843","0.15851485148514852","0.17831683168316834","0.19811881188118813","0.13871287128712873","0.01","0.10705882352941176","0.21792079207920792","0.16841584158415843","0.15851485148514852","0.17831683168316834","0.19811881188118813","0.13871287128712873","0.01","0.10705882352941176","0.21792079207920792","0.16841584158415843","0.15851485148514852","0.17831683168316834","0.19811881188118813","0.13871287128712873","0.01","0.10705882352941176","0.21792079207920792","0.16841584158415843","0.15851485148514852","0.17831683168316834","0.19811881188118813","0.13871287128712873","0.01","0.10705882352941176","0.21792079207920792","0.16841584158415843","0.15851485148514852","0.17831683168316834","0.19811881188118813","0.13871287128712873","0.01","0.10705882352941176","0.21792079207920792","0.16841584158415843","0.15851485148514852","0.17831683168316834","0.19811881188118813","0.13871287128712873","0.01","0.10705882352941176","0.21792079207920792","0.16841584158415843","0.15851485148514852","0.17831683168316834","0.19811881188118813","0.13871287128712873","0.01","0.10705882352941176","0.21792079207920792","0.16841584158415843","0.15851485148514852","0.17831683168316834","0.19811881188118813","0.13871287128712873","0.01","0.10705882352941176"
"7","0.347764705882353","0.9175","0.7764516129032258","0.5265217391304348","0.4798305084745763","0.17779661016949153","0.175","0.16841584158415843","0.19811881188118813","0.14861386138613863","0.20801980198019804","0.14861386138613863","0.18821782178217822","0.01","0.05658823529411765","0.16841584158415843","0.19811881188118813","0.14861386138613863","0.20801980198019804","0.14861386138613863","0.18821782178217822","0.01","0.05658823529411765","0.16841584158415843","0.19811881188118813","0.14861386138613863","0.20801980198019804","0.14861386138613863","0.18821782178217822","0.01","0.05658823529411765","0.16841584158415843","0.19811881188118813","0.14861386138613863","0.20801980198019804","0.14861386138613863","0.18821782178217822","0.01","0.05658823529411765","0.16841584158415843","0.19811881188118813","0.14861386138613863","0.20801980198019804","0.14861386138613863","0.18821782178217822","0.01","0.05658823529411765","0.16841584158415843","0.19811881188118813","0.14861386138613863","0.20801980198019804","0.14861386138613863","0.18821782178217822","0.01","0.05658823529411765","0.16841584158415843","0.19811881188118813","0.14861386138613863","0.20801980198019804","0.14861386138613863","0.18821782178217822","0.01","0.05658823529411765","0.16841584158415843","0.19811881188118813","0.14861386138613863","0.20801980198019804","0.14861386138613863","0.18821782178217822","0.01","0.05658823529411765","0.16841584158415843","0.19811881188118813","0.14861386138613863","0.20801980198019804","0.14861386138613863","0.18821782178217822","0.01","0.05658823529411765","0.16841584158415843","0.19811881188118813","0.14861386138613863","0.20801980198019804","0.14861386138613863","0.18821782178217822","0.01","0.05658823529411765"
"4","0.3205882352941177","0.9175","0.7764516129032258","0.5265217391304348","0.4798305084745763","0.26169491525423727","0.175","0.13871287128712873","0.18821782178217822","0.15851485148514852","0.18821782178217822","0.20801980198019804","0.17831683168316834","0.01","0.09152941176470587","0.13871287128712873","0.18821782178217822","0.15851485148514852","0.18821782178217822","0.20801980198019804","0.17831683168316834","0.01","0.09152941176470587","0.13871287128712873","0.18821782178217822","0.15851485148514852","0.18821782178217822","0.20801980198019804","0.17831683168316834","0.01","0.09152941176470587","0.13871287128712873","0.18821782178217822","0.15851485148514852","0.18821782178217822","0.20801980198019804","0.17831683168316834","0.01","0.09152941176470587","0.13871287128712873","0.18821782178217822","0.15851485148514852","0.18821782178217822","0.20801980198019804","0.17831683168316834","0.01","0.09152941176470587","0.13871287128712873","0.18821782178217822","0.15851485148514852","0.18821782178217822","0.20801980198019804","0.17831683168316834","0.01","0.09152941176470587","0.13871287128712873","0.18821782178217822","0.15851485148514852","0.18821782178217822","0.20801980198019804","0.17831683168316834","0.01","0.09152941176470587","0.13871287128712873","0.18821782178217822","0.15851485148514852","0.18821782178217822","0.20801980198019804","0.17831683168316834","0.01","0.09152941176470587","0.13871287128712873","0.18821782178217822","0.15851485148514852","0.18821782178217822","0.20801980198019804","0.17831683168316834","0.01","0.09152941176470587","0.13871287128712873","0.18821782178217822","0.15851485148514852","0.18821782178217822","0.20801980198019804","0.17831683168316834","0.01","0.09152941176470587"
"7","0.6467058823529412","0.9175","0.7764516129032258","0.5265217391304348","0.4798305084745763","0.3791525423728814","0.175","0.12881188118811882","0.22782178217821783","0.16841584158415843","0.23772277227722774","0.12881188118811882","0.16841584158415843","0.01","0.07988235294117646","0.12881188118811882","0.22782178217821783","0.16841584158415843","0.23772277227722774","0.12881188118811882","0.16841584158415843","0.01","0.07988235294117646","0.12881188118811882","0.22782178217821783","0.16841584158415843","0.23772277227722774","0.12881188118811882","0.16841584158415843","0.01","0.07988235294117646","0.12881188118811882","0.22782178217821783","0.16841584158415843","0.23772277227722774","0.12881188118811882","0.16841584158415843","0.01","0.07988235294117646","0.12881188118811882","0.22782178217821783","0.16841584158415843","0.23772277227722774","0.12881188118811882","0.16841584158415843","0.01","0.07988235294117646","0.12881188118811882","0.22782178217821783","0.16841584158415843","0.23772277227722774","0.12881188118811882","0.16841584158415843","0.01","0.07988235294117646","0.12881188118811882","0.22782178217821783","0.16841584158415843","0.23772277227722774","0.12881188118811882","0.16841584158415843","0.01","0.07988235294117646","0.12881188118811882","0.22782178217821783","0.16841584158415843","0.23772277227722774","0.12881188118811882","0.16841584158415843","0.01","0.07988235294117646","0.12881188118811882","0.22782178217821783","0.16841584158415843","0.23772277227722774","0.12881188118811882","0.16841584158415843","0.01","0.07988235294117646","0.12881188118811882","0.22782178217821783","0.16841584158415843","0.23772277227722774","0.12881188118811882","0.16841584158415843","0.01","0.07988235294117646"
"8","0.3283529411764706","0.9175","0.7764516129032258","0.5265217391304348","0.4798305084745763","0.46305084745762715","0.175","0.18821782178217822","0.17831683168316834","0.19811881188118813","0.17831683168316834","0.12881188118811882","0.18821782178217822","0.01","0.09152941176470587","0.18821782178217822","0.17831683168316834","0.19811881188118813","0.17831683168316834","0.12881188118811882","0.18821782178217822","0.01","0.09152941176470587","0.18821782178217822","0.17831683168316834","0.19811881188118813","0.17831683168316834","0.12881188118811882","0.18821782178217822","0.01","0.09152941176470587","0.18821782178217822","0.17831683168316834","0.19811881188118813","0.17831683168316834","0.12881188118811882","0.18821782178217822","0.01","0.09152941176470587","0.18821782178217822","0.17831683168316834","0.19811881188118813","0.17831683168316834","0.12881188118811882","0.18821782178217822","0.01","0.09152941176470587","0.18821782178217822","0.17831683168316834","0.19811881188118813","0.17831683168316834","0.12881188118811882","0.18821782178217822","0.01","0.09152941176470587","0.18821782178217822","0.17831683168316834","0.19811881188118813","0.17831683168316834","0.12881188118811882","0.18821782178217822","0.01","0.09152941176470587","0.18821782178217822","0.17831683168316834","0.19811881188118813","0.17831683168316834","0.12881188118811882","0.18821782178217822","0.01","0.09152941176470587","0.18821782178217822","0.17831683168316834","0.19811881188118813","0.17831683168316834","0.12881188118811882","0.18821782178217822","0.01","0.09152941176470587","0.18821782178217822","0.17831683168316834","0.19811881188118813","0.17831683168316834","0.12881188118811882","0.18821782178217822","0.01","0.09152941176470587"
"4","0.3089411764705882","0.9175","0.7764516129032258","0.5265217391304348","0.4798305084745763","0.563728813559322","0.175","0.16841584158415843","0.19811881188118813","0.15851485148514852","0.16841584158415843","0.15851485148514852","0.20801980198019804","0.01","0.08764705882352941","0.16841584158415843","0.19811881188118813","0.15851485148514852","0.16841584158415843","0.15851485148514852","0.20801980198019804","0.01","0.08764705882352941","0.16841584158415843","0.19811881188118813","0.15851485148514852","0.16841584158415843","0.15851485148514852","0.20801980198019804","0.01","0.08764705882352941","0.16841584158415843","0.19811881188118813","0.15851485148514852","0.16841584158415843","0.15851485148514852","0.20801980198019804","0.01","0.08764705882352941","0.16841584158415843","0.19811881188118813","0.15851485148514852","0.16841584158415843","0.15851485148514852","0.20801980198019804","0.01","0.08764705882352941","0.16841584158415843","0.19811881188118813","0.15851485148514852","0.16841584158415843","0.15851485148514852","0.20801980198019804","0.01","0.08764705882352941","0.16841584158415843","0.19811881188118813","0.15851485148514852","0.16841584158415843","0.15851485148514852","0.20801980198019804","0.01","0.08764705882352941","0.16841584158415843","0.19811881188118813","0.15851485148514852","0.16841584158415843","0.15851485148514852","0.20801980198019804","0.01","0.08764705882352941","0.16841584158415843","0.19811881188118813","0.15851485148514852","0.16841584158415843","0.15851485148514852","0.20801980198019804","0.01","0.08764705882352941","0.16841584158415843","0.19811881188118813","0.15851485148514852","0.16841584158415843","0.15851485148514852","0.20801980198019804","0.01","0.08764705882352941"
"4","0.6389411764705882","0.9175","0.7764516129032258","0.5265217391304348","0.4798305084745763","0.9328813559322033","0.175","0.20801980198019804","0.16841584158415843","0.17831683168316834","0.12881188118811882","0.17831683168316834","0.19811881188118813","0.01","0.1148235294117647","0.20801980198019804","0.16841584158415843","0.17831683168316834","0.12881188118811882","0.17831683168316834","0.19811881188118813","0.01","0.1148235294117647","0.20801980198019804","0.16841584158415843","0.17831683168316834","0.12881188118811882","0.17831683168316834","0.19811881188118813","0.01","0.1148235294117647","0.20801980198019804","0.16841584158415843","0.17831683168316834","0.12881188118811882","0.17831683168316834","0.19811881188118813","0.01","0.1148235294117647","0.20801980198019804","0.16841584158415843","0.17831683168316834","0.12881188118811882","0.17831683168316834","0.19811881188118813","0.01","0.1148235294117647","0.20801980198019804","0.16841584158415843","0.17831683168316834","0.12881188118811882","0.17831683168316834","0.19811881188118813","0.01","0.1148235294117647","0.20801980198019804","0.16841584158415843","0.17831683168316834","0.12881188118811882","0.17831683168316834","0.19811881188118813","0.01","0.1148235294117647","0.20801980198019804","0.16841584158415843","0.17831683168316834","0.12881188118811882","0.17831683168316834","0.19811881188118813","0.01","0.1148235294117647","0.20801980198019804","0.16841584158415843","0.17831683168316834","0.12881188118811882","0.17831683168316834","0.19811881188118813","0.01","0.1148235294117647","0.20801980198019804","0.16841584158415843","0.17831683168316834","0.12881188118811882","0.17831683168316834","0.19811881188118813","0.01","0.1148235294117647"
"8","0.6505882352941177","0.9175","0.7764516129032258","0.5265217391304348","0.4966101694915255","0.01","0.175","0.1189108910891089","0.19811881188118813","0.17831683168316834","0.17831683168316834","0.15851485148514852","0.22782178217821783","0.01","0.05658823529411765","0.1189108910891089","0.19811881188118813","0.17831683168316834","0.17831683168316834","0.15851485148514852","0.22782178217821783","0.01","0.05658823529411765","0.1189108910891089","0.19811881188118813","0.17831683168316834","0.17831683168316834","0.15851485148514852","0.22782178217821783","0.01","0.05658823529411765","0.1189108910891089","0.19811881188118813","0.17831683168316834","0.17831683168316834","0.15851485148514852","0.22782178217821783","0.01","0.05658823529411765","0.1189108910891089","0.19811881188118813","0.17831683168316834","0.17831683168316834","0.15851485148514852","0.22782178217821783","0.01","0.05658823529411765","0.1189108910891089","0.19811881188118813","0.17831683168316834","0.17831683168316834","0.15851485148514852","0.22782178217821783","0.01","0.05658823529411765","0.1189108910891089","0.19811881188118813","0.17831683168316834","0.17831683168316834","0.15851485148514852","0.22782178217821783","0.01","0.05658823529411765","0.1189108910891089","0.19811881188118813","0.17831683168316834","0.17831683168316834","0.15851485148514852","0.22782178217821783","0.01","0.05658823529411765","0.1189108910891089","0.19811881188118813","0.17831683168316834","0.17831683168316834","0.15851485148514852","0.22782178217821783","0.01","0.05658823529411765","0.1189108910891089","0.19811881188118813","0.17831683168316834","0.17831683168316834","0.15851485148514852","0.22782178217821783","0.01","0.05658823529411765"
"4","0.5535294117647059","0.9175","0.7764516129032258","0.5265217391304348","0.5301694915254238","0.4798305084745763","0.175","0.13871287128712873","0.14861386138613863","0.15851485148514852","0.18821782178217822","0.20801980198019804","0.21792079207920792","0.01","0.10705882352941176","0.13871287128712873","0.14861386138613863","0.15851485148514852","0.18821782178217822","0.20801980198019804","0.21792079207920792","0.01","0.10705882352941176","0.13871287128712873","0.14861386138613863","0.15851485148514852","0.18821782178217822","0.20801980198019804","0.21792079207920792","0.01","0.10705882352941176","0.13871287128712873","0.14861386138613863","0.15851485148514852","0.18821782178217822","0.20801980198019804","0.21792079207920792","0.01","0.10705882352941176","0.13871287128712873","0.14861386138613863","0.15851485148514852","0.18821782178217822","0.20801980198019804","0.21792079207920792","0.01","0.10705882352941176","0.13871287128712873","0.14861386138613863","0.15851485148514852","0.18821782178217822","0.20801980198019804","0.21792079207920792","0.01","0.10705882352941176","0.13871287128712873","0.14861386138613863","0.15851485148514852","0.18821782178217822","0.20801980198019804","0.21792079207920792","0.01","0.10705882352941176","0.13871287128712873","0.14861386138613863","0.15851485148514852","0.18821782178217822","0.20801980198019804","0.21792079207920792","0.01","0.10705882352941176","0.13871287128712873","0.14861386138613863","0.15851485148514852","0.18821782178217822","0.20801980198019804","0.21792079207920792","0.01","0.10705882352941176","0.13871287128712873","0.14861386138613863","0.15851485148514852","0.18821782178217822","0.20801980198019804","0.21792079207920792","0.01","0.10705882352941176"
"7","0.3865882352941176","0.9175","0.7764516129032258","0.5265217391304348","0.5301694915254238","0.5805084745762712","0.175","0.16841584158415843","0.13871287128712873","0.21792079207920792","0.18821782178217822","0.20801980198019804","0.13871287128712873","0.01","0.05270588235294118","0.16841584158415843","0.13871287128712873","0.21792079207920792","0.18821782178217822","0.20801980198019804","0.13871287128712873","0.01","0.05270588235294118","0.16841584158415843","0.13871287128712873","0.21792079207920792","0.18821782178217822","0.20801980198019804","0.13871287128712873","0.01","0.05270588235294118","0.16841584158415843","0.13871287128712873","0.21792079207920792","0.18821782178217822","0.20801980198019804","0.13871287128712873","0.01","0.05270588235294118","0.16841584158415843","0.13871287128712873","0.21792079207920792","0.18821782178217822","0.20801980198019804","0.13871287128712873","0.01","0.05270588235294118","0.16841584158415843","0.13871287128712873","0.21792079207920792","0.18821782178217822","0.20801980198019804","0.13871287128712873","0.01","0.05270588235294118","0.16841584158415843","0.13871287128712873","0.21792079207920792","0.18821782178217822","0.20801980198019804","0.13871287128712873","0.01","0.05270588235294118","0.16841584158415843","0.13871287128712873","0.21792079207920792","0.18821782178217822","0.20801980198019804","0.13871287128712873","0.01","0.05270588235294118","0.16841584158415843","0.13871287128712873","0.21792079207920792","0.18821782178217822","0.20801980198019804","0.13871287128712873","0.01","0.05270588235294118","0.16841584158415843","0.13871287128712873","0.21792079207920792","0.18821782178217822","0.20801980198019804","0.13871287128712873","0.01","0.05270588235294118"
"4","0.5302352941176471","0.9175","0.7764516129032258","0.5265217391304348","0.5301694915254238","0.6476271186440677","0.175","0.13871287128712873","0.17831683168316834","0.18821782178217822","0.18821782178217822","0.21792079207920792","0.14861386138613863","0.01","0.11094117647058822","0.13871287128712873","0.17831683168316834","0.18821782178217822","0.18821782178217822","0.21792079207920792","0.14861386138613863","0.01","0.11094117647058822","0.13871287128712873","0.17831683168316834","0.18821782178217822","0.18821782178217822","0.21792079207920792","0.14861386138613863","0.01","0.11094117647058822","0.13871287128712873","0.17831683168316834","0.18821782178217822","0.18821782178217822","0.21792079207920792","0.14861386138613863","0.01","0.11094117647058822","0.13871287128712873","0.17831683168316834","0.18821782178217822","0.18821782178217822","0.21792079207920792","0.14861386138613863","0.01","0.11094117647058822","0.13871287128712873","0.17831683168316834","0.18821782178217822","0.18821782178217822","0.21792079207920792","0.14861386138613863","0.01","0.11094117647058822","0.13871287128712873","0.17831683168316834","0.18821782178217822","0.18821782178217822","0.21792079207920792","0.14861386138613863","0.01","0.11094117647058822","0.13871287128712873","0.17831683168316834","0.18821782178217822","0.18821782178217822","0.21792079207920792","0.14861386138613863","0.01","0.11094117647058822","0.13871287128712873","0.17831683168316834","0.18821782178217822","0.18821782178217822","0.21792079207920792","0.14861386138613863","0.01","0.11094117647058822","0.13871287128712873","0.17831683168316834","0.18821782178217822","0.18821782178217822","0.21792079207920792","0.14861386138613863","0.01","0.11094117647058822"
"4","0.6467058823529412","0.9175","0.7764516129032258","0.5265217391304348","0.5301694915254238","0.7315254237288135","0.175","0.17831683168316834","0.18821782178217822","0.18821782178217822","0.15851485148514852","0.18821782178217822","0.15851485148514852","0.01","0.06823529411764706","0.17831683168316834","0.18821782178217822","0.18821782178217822","0.15851485148514852","0.18821782178217822","0.15851485148514852","0.01","0.06823529411764706","0.17831683168316834","0.18821782178217822","0.18821782178217822","0.15851485148514852","0.18821782178217822","0.15851485148514852","0.01","0.06823529411764706","0.17831683168316834","0.18821782178217822","0.18821782178217822","0.15851485148514852","0.18821782178217822","0.15851485148514852","0.01","0.06823529411764706","0.17831683168316834","0.18821782178217822","0.18821782178217822","0.15851485148514852","0.18821782178217822","0.15851485148514852","0.01","0.06823529411764706","0.17831683168316834","0.18821782178217822","0.18821782178217822","0.15851485148514852","0.18821782178217822","0.15851485148514852","0.01","0.06823529411764706","0.17831683168316834","0.18821782178217822","0.18821782178217822","0.15851485148514852","0.18821782178217822","0.15851485148514852","0.01","0.06823529411764706","0.17831683168316834","0.18821782178217822","0.18821782178217822","0.15851485148514852","0.18821782178217822","0.15851485148514852","0.01","0.06823529411764706","0.17831683168316834","0.18821782178217822","0.18821782178217822","0.15851485148514852","0.18821782178217822","0.15851485148514852","0.01","0.06823529411764706","0.17831683168316834","0.18821782178217822","0.18821782178217822","0.15851485148514852","0.18821782178217822","0.15851485148514852","0.01","0.06823529411764706"
"8","0.3749411764705883","0.9175","0.7764516129032258","0.5265217391304348","0.5301694915254238","0.7986440677966101","0.175","0.13871287128712873","0.16841584158415843","0.0991089108910891","0.23772277227722774","0.19811881188118813","0.21792079207920792","0.01","0.08376470588235294","0.13871287128712873","0.16841584158415843","0.0991089108910891","0.23772277227722774","0.19811881188118813","0.21792079207920792","0.01","0.08376470588235294","0.13871287128712873","0.16841584158415843","0.0991089108910891","0.23772277227722774","0.19811881188118813","0.21792079207920792","0.01","0.08376470588235294","0.13871287128712873","0.16841584158415843","0.0991089108910891","0.23772277227722774","0.19811881188118813","0.21792079207920792","0.01","0.08376470588235294","0.13871287128712873","0.16841584158415843","0.0991089108910891","0.23772277227722774","0.19811881188118813","0.21792079207920792","0.01","0.08376470588235294","0.13871287128712873","0.16841584158415843","0.0991089108910891","0.23772277227722774","0.19811881188118813","0.21792079207920792","0.01","0.08376470588235294","0.13871287128712873","0.16841584158415843","0.0991089108910891","0.23772277227722774","0.19811881188118813","0.21792079207920792","0.01","0.08376470588235294","0.13871287128712873","0.16841584158415843","0.0991089108910891","0.23772277227722774","0.19811881188118813","0.21792079207920792","0.01","0.08376470588235294","0.13871287128712873","0.16841584158415843","0.0991089108910891","0.23772277227722774","0.19811881188118813","0.21792079207920792","0.01","0.08376470588235294","0.13871287128712873","0.16841584158415843","0.0991089108910891","0.23772277227722774","0.19811881188118813","0.21792079207920792","0.01","0.08376470588235294"
"8","0.6505882352941177","0.9175","0.7764516129032258","0.5265217391304348","0.5301694915254238","0.9161016949152543","0.175","0.20801980198019804","0.16841584158415843","0.16841584158415843","0.1189108910891089","0.16841584158415843","0.22782178217821783","0.01","0.06823529411764706","0.20801980198019804","0.16841584158415843","0.16841584158415843","0.1189108910891089","0.16841584158415843","0.22782178217821783","0.01","0.06823529411764706","0.20801980198019804","0.16841584158415843","0.16841584158415843","0.1189108910891089","0.16841584158415843","0.22782178217821783","0.01","0.06823529411764706","0.20801980198019804","0.16841584158415843","0.16841584158415843","0.1189108910891089","0.16841584158415843","0.22782178217821783","0.01","0.06823529411764706","0.20801980198019804","0.16841584158415843","0.16841584158415843","0.1189108910891089","0.16841584158415843","0.22782178217821783","0.01","0.06823529411764706","0.20801980198019804","0.16841584158415843","0.16841584158415843","0.1189108910891089","0.16841584158415843","0.22782178217821783","0.01","0.06823529411764706","0.20801980198019804","0.16841584158415843","0.16841584158415843","0.1189108910891089","0.16841584158415843","0.22782178217821783","0.01","0.06823529411764706","0.20801980198019804","0.16841584158415843","0.16841584158415843","0.1189108910891089","0.16841584158415843","0.22782178217821783","0.01","0.06823529411764706","0.20801980198019804","0.16841584158415843","0.16841584158415843","0.1189108910891089","0.16841584158415843","0.22782178217821783","0.01","0.06823529411764706","0.20801980198019804","0.16841584158415843","0.16841584158415843","0.1189108910891089","0.16841584158415843","0.22782178217821783","0.01","0.06823529411764706"
